VARIABLENAME,VARIABLELABEL,VARTYPE,UNITS,CATEGORICAL,MISSING,COUNT,NA,MIN,MAX,Formula,Categorical Value Concept Code,Categorical Value Concept Name,Categorical Value OMOP ID,Variable Concept Code,Variable Concept Name,Variable OMOP ID,Additional Context Concept Name,Additional Context Concept Code,Additional Context OMOP ID,Unit Concept Name,Unit Concept Code,Unit OMOP ID,Domain,Visits,Visit Concept Name,Visit Concept Code,Visit OMOP ID
idno,Study-specific participant ID,INT,,,,10000,0,100000702,111999604,,,,,snomed:184107009,Patient hospital number,4086934,,,,,,,Person,M0,baseline time,loinc:64103-5,40766819
ages,Age at survey (yrs),INT,years,,,10000,0,40,105,,,,,loinc:30525-0,Age,3022304,,,,year,ucum:a,9448,Person,M0,baseline time,loinc:64103-5,40766819
sex,Sex,STR,,"1=""Male""|2=""Female""",,10000,0,,,,snomed:248153007|snomed:248152002|loinc:LA2-8|loinc:LA3-6,male| female,8507|8532,loinc:76689-9,Sex assigned at birth,46235213,,,,,,,Person,M0,baseline time,loinc:64103-5,40766819
edlevel,Level of education reached,STR,,"0=""No schooling"" |1= ""Primary""| 2=""Secondary""|3= ""Vocational/University""",,10000,0,,,,loinc:LA35-1|loinc:LA32466-7|loinc:LA32467-5|loinc:LA30193-9,No schooling|Primary school education|High school education|More than high school,45880050|1620732|1620880|37079441,snomed:82589-3,Highest level of education,42528763,,,,,,,Observation,M0,baseline time,loinc:64103-5,40766819
occjob,Occupation: job,STR,,"0=""Not working""|1=""Manual""|2= ""Services""| 3= ""Office""|4=""Student""|5=""Other""",,10000,0,,,,snomed:73438004|snomed:106541005|snomed:65853000|snomed:115124001|snomed:74964007,Unemployed| Worker| student| Service worker| Other,4251171|4023811|4277918|4017974|9177,snomed:224362002,Employment status,4073163,,,,,,,Observation,M0,baseline time,loinc:64103-5,40766819
smcigstat,Cigarette status,STR,,0=Never smoker|1= Never smoker / Former smoker| 2=Former smoker|3= Current smoker/ Former smoker|4= Current smoker,.,9897,103,,,,loinc:LA18978-9|icare:icv200000105|loinc:LA15920-4|loinc:LA15919-6|loinc:LA20356-4,Never smoker|never/former|Former smoker| Some day smoker| Current smoker,45879404|2000000105|45883458|45881686|36309332,snomed:1311000175101,Smoking assessment,761009,,,,,,,Observation,M0,baseline time,loinc:64103-5,40766819
smokstat,Smoking tobacco status: combined,STR,,0=Never smoker|1= Never smoker / Former smoker| 2=Former smoker|3= Current smoker/ Former smoker|4= Current smoker,.,9999,1,,,,loinc:LA18978-9|icare:icv200000105|loinc:LA15920-4|loinc:LA15919-6|loinc:LA20356-4,Never smoker|never/former|Former smoker| Some day smoker| Current smoker,45879404|2000000105|45883458|45881686|36309332,loinc:72166-2,Tobacco smoking status,43054909,,,,,,,Observation,M0,baseline time,loinc:64103-5,40766819
chewstat,Chewing tobacco status: combined,STR,,0=Never smoker|1= Never smoker / Former smoker| 2=Former smoker|3= Current smoker/ Former smoker|4= Current smoker,.,9999,1,,,,loinc:LA18978-9|icare:icv200000105|loinc:LA15920-4|loinc:LA15919-6|loinc:LA20356-4,Never smoker|never/former|Former smoker| Some day smoker| Current smoker,45879404|2000000105|45883458|45881686|36309332,omop:OMOP5181849,Chewing tobacco user,903667,,,,,,,Observation,M0,baseline time,loinc:64103-5,40766819
alcallstat,Alcohol status: combined,STR,,0=Never smoker|1= Never smoker / Former smoker| 2=Former smoker|3= Current smoker/ Former smoker|4= Current smoker,.,9998,2,,,,loinc:LA32-8|icare:icv200000105|loinc:LA28393-9|snomed:LA10082-8|snomed:15240007,No|never/former|former user|Sometimes|current,763692|2000000105|36307819|45882528|4034855,snomed:219006,Current drinker,4074035,,,,,,,Observation,M0,baseline time,loinc:64103-5,40766819
hxcvd,history of cardiovascular disease,STR,,"0=No history""|1= yes History|2=""Possible History",.,4813,5187,,,,loinc:LA32-8|loinc:LA33-6|snomed:371930009,No|Yes|Possible,45878245|45877994|4162850,loinc:LA32627-4,Cardiovascular disease,1989960,Medical history [PhenX],loinc:66480-5,40769143,,,,condition_occurrence,M0,baseline time,loinc:64103-5,40766819
hxchd,history of coronary heart disease,STR,,"0=No history""|1= yes History|2=""Possible History",.,1088,8912,,,,loinc:LA32-8|loinc:LA33-6|snomed:371930009,No|Yes|Possible,45878245|45877994|4162850,snomed:53741008,Coronary arteriosclerosis,317576,Medical history [PhenX],loinc:66480-5,40769143,,,,condition_occurrence,M0,baseline time,loinc:64103-5,40766819
hxmi,History of myocardial infarction,STR,,"0=No history""|1= yes History|2=""Possible History",.,10000,0,,,,loinc:LA32-8|loinc:LA33-6|snomed:371930009,No|Yes|Possible,45878245|45877994|4162850,snomed:22298006,Myocardial infarction,4329847,Medical history [PhenX],loinc:66480-5,40769143,,,,condition_occurrence,M0,baseline time,loinc:64103-5,40766819
hxang,History of angina,STR,,"0=No history""|1= yes History|2=""Possible History",.,10000,0,,,,loinc:LA32-8|loinc:LA33-6|snomed:371930009,No|Yes|Possible,45878245|45877994|4162850,snomed:194828000,Angina pectoris,321318,Medical history [PhenX],loinc:66480-5,40769143,,,,condition_occurrence,M0,baseline time,loinc:64103-5,40766819
hxstroke,History of stroke,STR,,"0=No history""|1= yes History|2=""Possible History",.,10000,0,,,,loinc:LA32-8|loinc:LA33-6|snomed:371930009,No|Yes|Possible,45878245|45877994|4162850,snomed:230690007,Cerebrovascular accident,381316,Medical history [PhenX],loinc:66480-5,40769143,,,,condition_occurrence,M0,baseline time,loinc:64103-5,40766819
hxstisc,history of ischaemic stroke,STR,,"0=No history""|1= yes History|2=""Possible History",.,9723,277,,,,loinc:LA32-8|loinc:LA33-6|snomed:371930009,No|Yes|Possible,45878245|45877994|4162850,snomed:422504002,Ischemic stroke,4310996,Medical history [PhenX],loinc:66480-5,40769143,,,,condition_occurrence,M0,baseline time,loinc:64103-5,40766819
hxsthae,history of haemorrhagic stroke,STR,,"0=No history""|1= yes History|2=""Possible History",.,9578,422,,,,loinc:LA32-8|loinc:LA33-6|snomed:371930009,No|Yes|Possible,45878245|45877994|4162850,snomed:1078001000000105,Haemorrhagic stroke,35609033,Medical history [PhenX],loinc:66480-5,40769143,,,,condition_occurrence,M0,baseline time,loinc:64103-5,40766819
hxocvd,history other cardiovascular disease,STR,,"0=No history""|1= yes History|2=""Possible History",.,4454,5546,,,,loinc:LA32-8|loinc:LA33-6|snomed:371930009,No|Yes|Possible,45878245|45877994|4162850,snomed:49601007,Disorder of cardiovascular system,134057,Medical history [PhenX],loinc:66480-5,40769143,,,,condition_occurrence,M0,baseline time,loinc:64103-5,40766819
hxovasc,history of 'other' vascular disease,STR,,"0=No history""|1= yes History|2=""Possible History",.,10000,0,,,,loinc:LA32-8|loinc:LA33-6|snomed:371930009,No|Yes|Possible,45878245|45877994|4162850,snomed:72092001,Arteriosclerotic vascular disease ,318443,Medical history [PhenX],loinc:66480-5,40769143,,,,condition_occurrence,M0,baseline time,loinc:64103-5,40766819
hxendo,history of endocrine  nutritional  metabolic disease,STR,,"0=No history""|1= yes History|2=""Possible History",.,3167,6833,,,,loinc:LA32-8|loinc:LA33-6|snomed:371930009,No|Yes|Possible,45878245|45877994|4162850,snomed:362969004,Disorder of endocrine system,31821,Medical history [PhenX],loinc:66480-5,40769143,,,,condition_occurrence,M0,baseline time,loinc:64103-5,40766819
hxdiab,History of diabetes,STR,," 0=""No history""|1=""History""|2=""Possible History""|3=""Latent""|4=""Impaired glucose tolerance (IGT)""|5= ""Impaired fasting glucose (IFG)""|6= ""IGT or IFG""",.,3167,6833,,,,loinc:LA32-8|loinc:LA33-6|snomed:371930009|snomed:44104002|loinc:LA33717-2|snomed:390951007|icare:icv200000104,No|Yes|Possible|Latent|Impaired glucose tolerance|Impaired fasting glycemia|impaired glucose tolerance or impaired fasting glucose,45878245|45877994|4162850|4185573|3968756|4308509|2000000104,loinc:LA10529-8,diabetes,45879799,Medical history [PhenX],loinc:66480-5,40769143,,,,condition_occurrence,M0,baseline time,loinc:64103-5,40766819
hxdiab2,History of diabetes - Type 2,STR,,"0=No history""|1= yes History|2=""Possible History",.,10000,0,,,,loinc:LA32-8|loinc:LA33-6|snomed:371930009,No|Yes|Possible,45878245|45877994|4162850,snomed:44054006,Type 2 diabetes (T2DM),201826,Medical history [PhenX],loinc:66480-5,40769143,,,,condition_occurrence,M0,baseline time,loinc:64103-5,40766819
hxhchol,history of high cholesterol,STR,,"0=No history""|1= yes History|2=""Possible History",.,10000,0,,,,loinc:LA32-8|loinc:LA33-6|snomed:371930009,No|Yes|Possible,45878245|45877994|4162850,snomed:13644009,Hypercholesterolemia,4029305,Medical history [PhenX],loinc:66480-5,40769143,,,,condition_occurrence,M0,baseline time,loinc:64103-5,40766819
hxhyp,History of hypertension,STR,,"0=No history""|1= yes History|2=""Possible History",.,10000,0,,,,loinc:LA32-8|loinc:LA33-6|snomed:371930009,No|Yes|Possible,45878245|45877994|4162850,snomed:38341003,Hypertensive disorder,316866,Medical history [PhenX],loinc:66480-5,40769143,,,,condition_occurrence,M0,baseline time,loinc:64103-5,40766819
hxdige,history of digestive system disease,STR,,"0=No history""|1= yes History|2=""Possible History",.,122,9878,,,,loinc:LA32-8|loinc:LA33-6|snomed:371930009,No|Yes|Possible,45878245|45877994|4162850,snomed:53619000,Disorder of digestive system,4201745,Medical history [PhenX],loinc:66480-5,40769143,,,,condition_occurrence,M0,baseline time,loinc:64103-5,40766819
hxgeno,history of genitourinary system disease,STR,,"0=No history""|1= yes History|2=""Possible History",.,706,9294,,,,loinc:LA32-8|loinc:LA33-6|snomed:371930009,No|Yes|Possible,45878245|45877994|4162850,snomed:42030000,Disorder of the genitourinary system,4171379,Medical history [PhenX],loinc:66480-5,40769143,,,,condition_occurrence,M0,baseline time,loinc:64103-5,40766819
hxkid,history of kidney disease,STR,,"0=No history""|1= yes History|2=""Possible History",.,10000,0,,,,loinc:LA32-8|loinc:LA33-6|snomed:371930009,No|Yes|Possible,45878245|45877994|4162850,snomed:90708001,kidney disease,198124,Medical history [PhenX],loinc:66480-5,40769143,,,,condition_occurrence,M0,baseline time,loinc:64103-5,40766819
hxresp,history of respiratory system disease,STR,,"0=No history""|1= yes History|2=""Possible History",.,91,9909,,,,loinc:LA32-8|loinc:LA33-6|snomed:371930009,No|Yes|Possible,45878245|45877994|4162850,snomed:50043002,Disorder of respiratory system,320136,Medical history [PhenX],loinc:66480-5,40769143,,,,condition_occurrence,M0,baseline time,loinc:64103-5,40766819
hxcan,history of neoplasm (any form),STR,,"0=No history""|1= yes History|2=""Possible History",.,10000,0,,,,loinc:LA32-8|loinc:LA33-6|snomed:371930009,No|Yes|Possible,45878245|45877994|4162850,snomed:108369006,Neoplasm,4030314,Medical history [PhenX],loinc:66480-5,40769143,,,,condition_occurrence,M0,baseline time,loinc:64103-5,40766819
hxanyo,history of any other disease (a catch all),STR,,"0=No history""|1= yes History|2=""Possible History",.,10000,0,,,,loinc:LA32-8|loinc:LA33-6|snomed:371930009,No|Yes|Possible,45878245|45877994|4162850,snomed:404684003,clinical finding,441840,Medical history [PhenX],loinc:66480-5,40769143,,,,condition_occurrence,M0,baseline time,loinc:64103-5,40766819
hxkidsto,history of kidney stones,STR,,"0=No history""|1= yes History|2=""Possible History",.,9294,706,,,,loinc:LA32-8|loinc:LA33-6|snomed:371930009,No|Yes|Possible,45878245|45877994|4162850,loinc:LA14297-8,Kidney stones,45876812,Medical history [PhenX],loinc:66480-5,40769143,,,,condition_occurrence,M0,baseline time,loinc:64103-5,40766819
hxhypage,History of hypertension - Age,INT,years,,,4429,5571,,,,,,,snomed:38341003,Hypertensive disorder,316866,Age,loinc:30525-0,3022304,year,ucum:a,9448,condition_occurrence,M0,baseline time,loinc:64103-5,40766819
hxangage,History of angina - Age,INT,years,,,890,9110,1,85,,,,,snomed:194828000,Angina pectoris,321318,Age,loinc:30525-0,3022304,year,ucum:a,9448,condition_occurrence,M0,baseline time,loinc:64103-5,40766819
hxcanage,history of neoplasm (any form) - Age,INT,years,,,65,9935,26,82,,,,,snomed:108369006,Neoplasm,4030314,Age,loinc:30525-0,3022304,year,ucum:a,9448,condition_occurrence,M0,baseline time,loinc:64103-5,40766819
hxdiab2age,History of diabetes -Type 2 - Age,INT,years,,,3151,6849,1,88,,,,,snomed:44054006,Type 2 diabetes (T2DM),201826,Age,loinc:30525-0,3022304,year,ucum:a,9448,condition_occurrence,M0,baseline time,loinc:64103-5,40766819
hxkidage,history of kidney disease - Age,INT,years,,,701,9299,1,90,,,,,snomed:90708001,kidney disease,198124,Age,loinc:30525-0,3022304,year,ucum:a,9448,condition_occurrence,M0,baseline time,loinc:64103-5,40766819
hxmiage,History of myocardial infarction - Age ,INT,years,,,476,9524,,,,,,,snomed:22298006,Myocardial infarction,4329847,Age,loinc:30525-0,3022304,year,ucum:a,9448,condition_occurrence,M0,baseline time,loinc:64103-5,40766819
hxsthaeage,history of haemorrhagic stroke - Age,INT,years,,,44,9956,32,78,,,,,snomed:1078001000000105,Haemorrhagic stroke,35609033,Age,loinc:30525-0,3022304,year,ucum:a,9448,condition_occurrence,M0,baseline time,loinc:64103-5,40766819
hxstiscage,history of ischaemic stroke - Age,INT,years,,,189,9811,3,85,,,,,snomed:422504002, Ischemic stroke,4310996,Age,loinc:30525-0,3022304,year,ucum:a,9448,condition_occurrence,M0,baseline time,loinc:64103-5,40766819
hxstrokeage,History of stroke - Age,INT,years,,,464,9536,,,,,,,snomed:230690007,Cerebrovascular accident,381316,Age,loinc:30525-0,3022304,year,ucum:a,9448,condition_occurrence,M0,baseline time,loinc:64103-5,40766819
diadstat,Drug status: anti-diabetics,STR,,0=Never taken|1=Never/previously taken| 2=previously taken| 3=Current/previously taken|4=Currently take,.,10000,0,,,,loinc:LA32-8|icare:icv200000101|icare:icv200000102|icare:icv200000103|loinc:66423-5,No|never/stopped taking medication|stopped taking medication|recently stopped medication|Medications Current medication,45878245|2000000101|2000000102|2000000103|40769096,atc:A10,drugs used in diabetes,21600712,,,,,,,Drug_exposure,M0,baseline time,loinc:64103-5,40766819
hypdstat,Drug status: anti-hypertensives,STR,,0=Never taken|1=Never/previously taken| 2=previously taken| 3=Current/previously taken|4=Currently take,.,10000,0,,,,loinc:LA32-8|icare:icv200000101|icare:icv200000102|icare:icv200000103|loinc:66423-5,No|never/stopped taking medication|stopped taking medication|recently stopped medication|Medications Current medication,45878245|2000000101|2000000102|2000000103|40769096,atc:C02,ANTIHYPERTENSIVES,21600381,,,,,,,Drug_exposure,M0,baseline time,loinc:64103-5,40766819
lipdstat,Drug status: lipid lowering,STR,,0=Never taken|1=Never/previously taken| 2=previously taken| 3=Current/previously taken|4=Currently take,.,10000,0,,,,loinc:LA32-8|icare:icv200000101|icare:icv200000102|icare:icv200000103|loinc:66423-5,No|never/stopped taking medication|stopped taking medication|recently stopped medication|Medications Current medication,45878245|2000000101|2000000102|2000000103|40769096,atc:C10,lipid modifying agents,21601853,,,,,,,Drug_exposure,M0,baseline time,loinc:64103-5,40766819
bcpdstat,Drug status: Birth control ,STR,,0=Never taken|1=Never/previously taken| 2=previously taken| 3=Current/previously taken|4=Currently take,.,5130,4870,,,,loinc:LA32-8|icare:icv200000101|icare:icv200000102|icare:icv200000103|loinc:66423-5,No|never/stopped taking medication|stopped taking medication|recently stopped medication|Medications Current medication,45878245|2000000101|2000000102|2000000103|40769096,atc:G03A,HORMONAL CONTRACEPTIVES FOR SYSTEMIC USE,21602472,,,,,,,Drug_exposure,M0,baseline time,loinc:64103-5,40766819
arrdstat,Drug status: Anti-arrhythmic agent ,STR,,0=Never taken|1=Never/previously taken| 2=previously taken| 3=Current/previously taken|4=Currently take,.,10000,0,,,,loinc:LA32-8|icare:icv200000101|icare:icv200000102|icare:icv200000103|loinc:66423-5,No|never/stopped taking medication|stopped taking medication|recently stopped medication|Medications Current medication,45878245|2000000101|2000000102|2000000103|40769096,atc:C01B,ANTIARRHYTHMICS CLASS I AND III,21600248,,,,,,,Drug_exposure,M0,baseline time,loinc:64103-5,40766819
pladstat,Drug status: anti-platelets,STR,,0=Never taken|1=Never/previously taken| 2=previously taken| 3=Current/previously taken|4=Currently take,.,10000,0,,,,loinc:LA32-8|icare:icv200000101|icare:icv200000102|icare:icv200000103|loinc:66423-5,No|never/stopped taking medication|stopped taking medication|recently stopped medication|Medications Current medication,45878245|2000000101|2000000102|2000000103|40769096,atc:B01,antithrombotic agents,21600960,,,,,,,Drug_exposure,M0,baseline time,loinc:64103-5,40766819
coadstat,Drug status: anti-coagulants,STR,,0=Never taken|1=Never/previously taken| 2=previously taken| 3=Current/previously taken|4=Currently take,.,10000,0,,,,loinc:LA32-8|icare:icv200000101|icare:icv200000102|icare:icv200000103|loinc:66423-5,No|never/stopped taking medication|stopped taking medication|recently stopped medication|Medications Current medication,45878245|2000000101|2000000102|2000000103|40769096,atc:B01A,antithrombotic agents,21600961,,,,,,,Drug_exposure,M0,baseline time,loinc:64103-5,40766819
vitddstat,Drug status: Vitamin D supplements ,STR,,0=Never taken|1=Never/previously taken| 2=previously taken| 3=Current/previously taken|4=Currently take,.,10000,0,,,,loinc:LA32-8|icare:icv200000101|icare:icv200000102|icare:icv200000103|loinc:66423-5,No|never/stopped taking medication|stopped taking medication|recently stopped medication|Medications Current medication,45878245|2000000101|2000000102|2000000103|40769096,rxnorm:11253,vitamin d,19009405,,,,,,,Drug_exposure,M0,baseline time,loinc:64103-5,40766819
hxhyp_f,History of hypertension (family),STR,,"0=No history""|1= yes History|2=""Possible History",.,4083,5917,,,,loinc:LA32-8|loinc:LA33-6|snomed:371930009,No|Yes|Possible,45878245|45877994|4162850,snomed:160357008,Family History of hypertension,4050816,,,,,,,Observation,M0,baseline time,loinc:64103-5,40766819
hxanyo_f,History of any other disease (family),STR,,"0=No history""|1= yes History|2=""Possible History",.,120,9880,,,,loinc:LA32-8|loinc:LA33-6|snomed:371930009,No|Yes|Possible,45878245|45877994|4162850,snomed:416471007,Family History of clinical finding,4167217,,,,,,,Observation,M0,baseline time,loinc:64103-5,40766819
hxcan_f,History of neoplasm (family),STR,,"0=No history""|1= yes History|2=""Possible History",.,1116,8884,,,,loinc:LA32-8|loinc:LA33-6|snomed:371930009,No|Yes|Possible,45878245|45877994|4162850,snomed:266883004,Family History of neoplasm,4144262,,,,,,,Observation,M0,baseline time,loinc:64103-5,40766819
hxchd_f,History of CHD (family),STR,,"0=No history""|1= yes History|2=""Possible History",.,1552,8448,,,,loinc:LA32-8|loinc:LA33-6|snomed:371930009,No|Yes|Possible,45878245|45877994|4162850,snomed:203261000000108,Family History of CHD,44789401,,,,,,,Observation,M0,baseline time,loinc:64103-5,40766819
hxcvd_f,History of cardiovascular disease (family),STR,,"0=No history""|1= yes History|2=""Possible History",.,5300,4700,,,,loinc:LA32-8|loinc:LA33-6|snomed:371930009,No|Yes|Possible,45878245|45877994|4162850,snomed:266894000,Family History of cardiovascular disease,4148407,,,,,,,Observation,M0,baseline time,loinc:64103-5,40766819
hxdiab_f,History of diabetes (family),STR,,"0=No history""|1= yes History|2=""Possible History",.,3172,6828,,,,loinc:LA32-8|loinc:LA33-6|snomed:371930009,No|Yes|Possible,45878245|45877994|4162850,snomed:160303001,Family History of diabetes,4051114,,,,,,,Observation,M0,baseline time,loinc:64103-5,40766819
hxresp_f,History of respiratory system disease (family),STR,,"0=No history""|1= yes History|2=""Possible History",.,304,9696,,,,loinc:LA32-8|loinc:LA33-6|snomed:371930009,No|Yes|Possible,45878245|45877994|4162850,snomed:151181000119106,Family History of respiratory system disease,46274036,,,,,,,Observation,M0,baseline time,loinc:64103-5,40766819
hxstroke_f,History of stroke (family),STR,,"0=No history""|1= yes History|2=""Possible History",.,2425,7575,,,,loinc:LA32-8|loinc:LA33-6|snomed:371930009,No|Yes|Possible,45878245|45877994|4162850,snomed:275104002,Family History of stroke,4169009,,,,,,,Observation,M0,baseline time,loinc:64103-5,40766819
hxsudd_f,History of sudden death (family),STR,,"0=No history""|1= yes History|2=""Possible History",.,510,9490,,,,loinc:LA32-8|loinc:LA33-6|snomed:371930009,No|Yes|Possible,45878245|45877994|4162850,snomed:430283008,Family History of sudden death,4160280,,,,,,,Observation,M0,baseline time,loinc:64103-5,40766819
hxhyp_p,History of hypertension (parent),STR,,"0=No history""|1= yes History|2=""Possible History",.,9703,297,,,,loinc:LA32-8|loinc:LA33-6|snomed:371930009,No|Yes|Possible,45878245|45877994|4162850,snomed:160357008,Family History of hypertension,4050816,parents ,loinc:LA32051-7,1620567,,,,Observation,M0,baseline time,loinc:64103-5,40766819
hxanyo_p,History of any other disease (parent),STR,,"0=No history""|1= yes History|2=""Possible History",.,9918,82,,,,loinc:LA32-8|loinc:LA33-6|snomed:371930009,No|Yes|Possible,45878245|45877994|4162850,snomed:416471007,Family History of clinical finding,4167217,parents ,loinc:LA32051-7,1620567,,,,Observation,M0,baseline time,loinc:64103-5,40766819
hxcan_p,History of neoplasm (parent),STR,,"0=No history""|1= yes History|2=""Possible History",.,9917,83,,,,loinc:LA32-8|loinc:LA33-6|snomed:371930009,No|Yes|Possible,45878245|45877994|4162850,snomed:266883004,Family History of neoplasm,4144262,parents ,loinc:LA32051-7,1620567,,,,Observation,M0,baseline time,loinc:64103-5,40766819
hxchd_p,History of CHD (parent),STR,,"0=No history""|1= yes History|2=""Possible History",.,9824,176,,,,loinc:LA32-8|loinc:LA33-6|snomed:371930009,No|Yes|Possible,45878245|45877994|4162850,snomed:203261000000108,Family History of CHD,44789401,parents ,loinc:LA32051-7,1620567,,,,Observation,M0,baseline time,loinc:64103-5,40766819
hxcvd_p,History of cardiovascular disease (parent),STR,,"0=No history""|1= yes History|2=""Possible History",.,5300,4700,,,,loinc:LA32-8|loinc:LA33-6|snomed:371930009,No|Yes|Possible,45878245|45877994|4162850,snomed:266894000,Family History of cardiovascular disease,4148407,parents ,loinc:LA32051-7,1620567,,,,Observation,M0,baseline time,loinc:64103-5,40766819
hxdiab_p,History of diabetes (parent),STR,,"0=No history""|1= yes History|2=""Possible History",.,3172,6828,,,,loinc:LA32-8|loinc:LA33-6|snomed:371930009,No|Yes|Possible,45878245|45877994|4162850,snomed:160303001,Family History of diabetes,4051114,parents ,loinc:LA32051-7,1620567,,,,Observation,M0,baseline time,loinc:64103-5,40766819
hxresp_p,History of respiratory system disease (parent),STR,,"0=No history""|1= yes History|2=""Possible History",.,9906,94,,,,loinc:LA32-8|loinc:LA33-6|snomed:371930009,No|Yes|Possible,45878245|45877994|4162850,snomed:151181000119106,Family History of respiratory system disease,46274036,parents ,loinc:LA32051-7,1620567,,,,Observation,M0,baseline time,loinc:64103-5,40766819
hxstroke_p,History of stroke (parent),STR,,"0=No history""|1= yes History|2=""Possible History",.,9839,161,,,,loinc:LA32-8|loinc:LA33-6|snomed:371930009,No|Yes|Possible,45878245|45877994|4162850,snomed:275104002,Family History of stroke,4169009,parents ,loinc:LA32051-7,1620567,,,,Observation,M0,baseline time,loinc:64103-5,40766819
hxsudd_p,History of sudden death (parent),STR,,"0=No history""|1= yes History|2=""Possible History",.,9878,122,,,,loinc:LA32-8|loinc:LA33-6|snomed:371930009,No|Yes|Possible,45878245|45877994|4162850,snomed:430283008,Family History of sudden death,4160280,parents ,loinc:LA32051-7,1620567,,,,Observation,M0,baseline time,loinc:64103-5,40766819
hxhyp_pf,History of hypertension (mother),STR,,"0=No history""|1= yes History|2=""Possible History",.,9792,208,,,,loinc:LA32-8|loinc:LA33-6|snomed:371930009,No|Yes|Possible,45878245|45877994|4162850,snomed:160357008,Family History of hypertension,4050816,mother,snomed:72705000,4248584,,,,Observation,M0,baseline time,loinc:64103-5,40766819
hxanyo_pf,History of any other disease (mother),STR,,"0=No history""|1= yes History|2=""Possible History",.,9958,42,,,,loinc:LA32-8|loinc:LA33-6|snomed:371930009,No|Yes|Possible,45878245|45877994|4162850,snomed:416471007,Family History of clinical finding,4167217,mother,snomed:72705000,4248584,,,,Observation,M0,baseline time,loinc:64103-5,40766819
hxcan_pf,History of neoplasm (mother),STR,,"0=No history""|1= yes History|2=""Possible History",.,9958,42,,,,loinc:LA32-8|loinc:LA33-6|snomed:371930009,No|Yes|Possible,45878245|45877994|4162850,snomed:266883004,Family History of neoplasm,4144262,mother,snomed:72705000,4248584,,,,Observation,M0,baseline time,loinc:64103-5,40766819
hxchd_pf,History of CHD (mother),STR,,"0=No history""|1= yes History|2=""Possible History",.,9893,107,,,,loinc:LA32-8|loinc:LA33-6|snomed:371930009,No|Yes|Possible,45878245|45877994|4162850,snomed:203261000000108,Family History of CHD,44789401,mother,snomed:72705000,4248584,,,,Observation,M0,baseline time,loinc:64103-5,40766819
hxcvd_pf,History of cardiovascular disease (mother),STR,,"0=No history""|1= yes History|2=""Possible History",.,3868,6132,,,,loinc:LA32-8|loinc:LA33-6|snomed:371930009,No|Yes|Possible,45878245|45877994|4162850,snomed:266894000,Family History of cardiovascular disease,4148407,mother,snomed:72705000,4248584,,,,Observation,M0,baseline time,loinc:64103-5,40766819
hxdiab_pf,History of diabetes (mother),STR,,"0=No history""|1= yes History|2=""Possible History",.,2236,7764,,,,loinc:LA32-8|loinc:LA33-6|snomed:371930009,No|Yes|Possible,45878245|45877994|4162850,snomed:160303001,Family History of diabetes,4051114,mother,snomed:72705000,4248584,,,,Observation,M0,baseline time,loinc:64103-5,40766819
hxresp_pf,History of respiratory system disease (mother),STR,,"0=No history""|1= yes History|2=""Possible History",.,9951,49,,,,loinc:LA32-8|loinc:LA33-6|snomed:371930009,No|Yes|Possible,45878245|45877994|4162850,snomed:151181000119106,Family History of respiratory system disease,46274036,mother,snomed:72705000,4248584,,,,Observation,M0,baseline time,loinc:64103-5,40766819
hxstroke_pf,History of stroke (mother),STR,,"0=No history""|1= yes History|2=""Possible History",.,9910,90,,,,loinc:LA32-8|loinc:LA33-6|snomed:371930009,No|Yes|Possible,45878245|45877994|4162850,snomed:275104002,Family History of stroke,4169009,mother,snomed:72705000,4248584,,,,Observation,M0,baseline time,loinc:64103-5,40766819
hxsudd_pf,History of sudden death (mother),STR,,"0=No history""|1= yes History|2=""Possible History",.,9949,51,,,,loinc:LA32-8|loinc:LA33-6|snomed:371930009,No|Yes|Possible,45878245|45877994|4162850,snomed:430283008,Family History of sudden death,4160280,mother,snomed:72705000,4248584,,,,Observation,M0,baseline time,loinc:64103-5,40766819
hxhyp_pm,History of hypertension (father),STR,,"0=No history""|1= yes History|2=""Possible History",.,9691,309,,,,loinc:LA32-8|loinc:LA33-6|snomed:371930009,No|Yes|Possible,45878245|45877994|4162850,snomed:160357008,Family History of hypertension,4050816,father,snomed:66839005,4283070,,,,Observation,M0,baseline time,loinc:64103-5,40766819
hxanyo_pm,History of any other disease (father),STR,,"0=No history""|1= yes History|2=""Possible History",.,9944,56,,,,loinc:LA32-8|loinc:LA33-6|snomed:371930009,No|Yes|Possible,45878245|45877994|4162850,snomed:416471007,Family History of clinical finding,4167217,father,snomed:66839005,4283070,,,,Observation,M0,baseline time,loinc:64103-5,40766819
hxcan_pm,History of neoplasm (father),STR,,"0=No history""|1= yes History|2=""Possible History",.,9941,59,,,,loinc:LA32-8|loinc:LA33-6|snomed:371930009,No|Yes|Possible,45878245|45877994|4162850,snomed:266883004,Family History of neoplasm,4144262,father,snomed:66839005,4283070,,,,Observation,M0,baseline time,loinc:64103-5,40766819
hxchd_pm,History of coronary heart disease (father),STR,,"0=No history""|1= yes History|2=""Possible History",.,9879,121,,,,loinc:LA32-8|loinc:LA33-6|snomed:371930009,No|Yes|Possible,45878245|45877994|4162850,snomed:203261000000108,Family History of CHD,44789401,father,snomed:66839005,4283070,,,,Observation,M0,baseline time,loinc:64103-5,40766819
hxcvd_pm,History of cardiovascular disease (father),STR,,"0=No history""|1= yes History|2=""Possible History",.,3139,6861,,,,loinc:LA32-8|loinc:LA33-6|snomed:371930009,No|Yes|Possible,45878245|45877994|4162850,snomed:266894000,Family History of cardiovascular disease,4148407,father,snomed:66839005,4283070,,,,Observation,M0,baseline time,loinc:64103-5,40766819
hxdiab_pm,History of diabetes (father),STR,,"0=No history""|1= yes History|2=""Possible History",.,1578,8422,,,,loinc:LA32-8|loinc:LA33-6|snomed:371930009,No|Yes|Possible,45878245|45877994|4162850,snomed:160303001,Family History of diabetes,4051114,father,snomed:66839005,4283070,,,,Observation,M0,baseline time,loinc:64103-5,40766819
hxresp_pm,History of respiratory system disease (father),STR,,"0=No history""|1= yes History|2=""Possible History",.,9932,68,,,,loinc:LA32-8|loinc:LA33-6|snomed:371930009,No|Yes|Possible,45878245|45877994|4162850,snomed:151181000119106,Family History of respiratory system disease,46274036,father,snomed:66839005,4283070,,,,Observation,M0,baseline time,loinc:64103-5,40766819
hxstroke_pm,History of stroke (father),STR,,"0=No history""|1= yes History|2=""Possible History",.,9874,126,,,,loinc:LA32-8|loinc:LA33-6|snomed:371930009,No|Yes|Possible,45878245|45877994|4162850,snomed:275104002,Family History of stroke,4169009,father,snomed:66839005,4283070,,,,Observation,M0,baseline time,loinc:64103-5,40766819
hxsudd_pm,History of sudden death (father),STR,,"0=No history""|1= yes History|2=""Possible History",.,9910,90,,,,loinc:LA32-8|loinc:LA33-6|snomed:371930009,No|Yes|Possible,45878245|45877994|4162850,snomed:430283008,Family History of sudden death,4160280,father,snomed:66839005,4283070,,,,Observation,M0,baseline time,loinc:64103-5,40766819
hxanyoage_f,History of any other disease (family) - Age ,INT,years,,,120,9880,18,99,,,,,snomed:416471007,Family History of clinical finding,4167217,Age,loinc:30525-0,3022304,year,ucum:a,9448,Observation,M0,baseline time,loinc:64103-5,40766819
hxcanage_f,History of neoplasm (family) - Age ,INT,years,,,1116,8884,20,99,,,,,snomed:266883004,Family History of neoplasm,4144262,Age,loinc:30525-0,3022304,year,ucum:a,9448,Observation,M0,baseline time,loinc:64103-5,40766819
hxchdage_f,History of coronary heart disease (family) - Age ,INT,years,,,1552,8448,10,99,,,,,snomed:203261000000108,Family History of CHD,44789401,Age,loinc:30525-0,3022304,year,ucum:a,9448,Observation,M0,baseline time,loinc:64103-5,40766819
hxcvdage_f,History of cardiovascular disease (family) - Age ,INT,years,,,1552,8448,10,99,,,,,snomed:266894000,Family History of cardiovascular disease,4148407,Age,loinc:30525-0,3022304,year,ucum:a,9448,Observation,M0,baseline time,loinc:64103-5,40766819
hxdiabage_f,History of diabetes (family) - Age ,INT,years,,,3168,6832,18,99,,,,,snomed:160303001,Family History of diabetes,4051114,Age,loinc:30525-0,3022304,year,ucum:a,9448,Observation,M0,baseline time,loinc:64103-5,40766819
hxhypage_f,History of hypertension (family) - Age ,INT,years,,,4082,5918,10,99,,,,,snomed:160357008,Family History of hypertension,4050816,Age,loinc:30525-0,3022304,year,ucum:a,9448,Observation,M0,baseline time,loinc:64103-5,40766819
hxrespage_f,History of respiratory system disease (family) - Age ,INT,years,,,304,9696,20,95,,,,,snomed:151181000119106,Family History of respiratory system disease,46274036,Age,loinc:30525-0,3022304,year,ucum:a,9448,Observation,M0,baseline time,loinc:64103-5,40766819
hxstrokeage_f,History of stroke (family) - Age ,INT,years,,,2424,7576,18,99,,,,,snomed:275104002,Family History of stroke,4169009,Age,loinc:30525-0,3022304,year,ucum:a,9448,Observation,M0,baseline time,loinc:64103-5,40766819
hxsuddage_f,History of sudden death (family) - Age ,INT,years,,,510,9490,25,99,,,,,snomed:430283008,Family History of sudden death,4160280,Age,loinc:30525-0,3022304,year,ucum:a,9448,Observation,M0,baseline time,loinc:64103-5,40766819
hxanyoage_p,History of any other disease (parent) - Age ,INT,years,,,120,9880,18,99,,,,,snomed:416471007,Family History of clinical finding,4167217,Age|parents,loinc:30525-0|loinc:LA32051-7,3022304|1620567,year,ucum:a,9448,Observation,M0,baseline time,loinc:64103-5,40766819
hxcanage_p,History of neoplasm (parent) - Age ,INT,years,,,1116,8884,20,99,,,,,snomed:266883004,Family History of neoplasm,4144262,Age|parents,loinc:30525-0|loinc:LA32051-7,3022304|1620567,year,ucum:a,9448,Observation,M0,baseline time,loinc:64103-5,40766819
hxchdage_p,History of coronary heart disease (parent) - Age ,INT,years,,,1552,8448,10,99,,,,,snomed:203261000000108,Family History of CHD,44789401,Age|parents,loinc:30525-0|loinc:LA32051-7,3022304|1620567,year,ucum:a,9448,Observation,M0,baseline time,loinc:64103-5,40766819
hxcvdage_p,History of cardiovascular disease (parent) - Age ,INT,years,,,1552,8448,10,99,,,,,snomed:266894000,Family History of cardiovascular disease,4148407,Age|parents,loinc:30525-0|loinc:LA32051-7,3022304|1620567,year,ucum:a,9448,Observation,M0,baseline time,loinc:64103-5,40766819
hxdiabage_p,History of diabetes (parent) - Age ,INT,years,,,3168,6832,18,99,,,,,snomed:160303001,Family History of diabetes,4051114,Age|parents,loinc:30525-0|loinc:LA32051-7,3022304|1620567,year,ucum:a,9448,Observation,M0,baseline time,loinc:64103-5,40766819
hxhypage_p,History of hypertension (parent) - Age ,INT,years,,,4082,5918,10,99,,,,,snomed:160357008,Family History of hypertension,4050816,Age|parents,loinc:30525-0|loinc:LA32051-7,3022304|1620567,year,ucum:a,9448,Observation,M0,baseline time,loinc:64103-5,40766819
hxrespage_p,History of respiratory system disease (parent) - Age ,INT,years,,,304,9696,20,95,,,,,snomed:151181000119106,Family History of respiratory system disease,46274036,Age|parents,loinc:30525-0|loinc:LA32051-7,3022304|1620567,year,ucum:a,9448,Observation,M0,baseline time,loinc:64103-5,40766819
hxstrokeage_p,History of stroke (parent) - Age ,INT,years,,,2424,7576,18,99,,,,,snomed:275104002,Family History of stroke,4169009,Age|parents,loinc:30525-0|loinc:LA32051-7,3022304|1620567,year,ucum:a,9448,Observation,M0,baseline time,loinc:64103-5,40766819
hxsuddage_p,History of sudden death (parent) - Age ,INT,years,,,510,9490,25,99,,,,,snomed:430283008,Family History of sudden death,4160280,Age|parents,loinc:30525-0|loinc:LA32051-7,3022304|1620567,year,ucum:a,9448,Observation,M0,baseline time,loinc:64103-5,40766819
hxanyoage_pf,History of any other disease (mother) - Age ,INT,years,,,55,9945,18,99,,,,,snomed:416471007,Family History of clinical finding,4167217,Age|father,loinc:30525-0|snomed:66839005,3022304|4283070,year,ucum:a,9448,Observation,M0,baseline time,loinc:64103-5,40766819
hxcanage_pf,History of neoplasm (mother) - Age ,INT,years,,,452,9548,20,99,,,,,snomed:266883004,Family History of neoplasm,4144262,Age|father,loinc:30525-0|snomed:66839005,3022304|4283070,year,ucum:a,9448,Observation,M0,baseline time,loinc:64103-5,40766819
hxchdage_pf,History of coronary heart disease (mother) - Age ,INT,years,,,766,9234,10,99,,,,,snomed:203261000000108,Family History of CHD,44789401,Age|father,loinc:30525-0|snomed:66839005,3022304|4283070,year,ucum:a,9448,Observation,M0,baseline time,loinc:64103-5,40766819
hxcvdage_pf,History of cardiovascular disease (mother) - Age ,INT,years,,,766,9234,10,99,,,,,snomed:266894000,Family History of cardiovascular disease,4148407,Age|father,loinc:30525-0|snomed:66839005,3022304|4283070,year,ucum:a,9448,Observation,M0,baseline time,loinc:64103-5,40766819
hxdiabage_pf,History of diabetes (mother) - Age ,INT,years,,,2234,7766,18,99,,,,,snomed:160303001,Family History of diabetes,4051114,Age|father,loinc:30525-0|snomed:66839005,3022304|4283070,year,ucum:a,9448,Observation,M0,baseline time,loinc:64103-5,40766819
hxhypage_pf,History of hypertension (mother) - Age ,INT,years,,,3124,6876,10,99,,,,,snomed:160357008,Family History of hypertension,4050816,Age|father,loinc:30525-0|snomed:66839005,3022304|4283070,year,ucum:a,9448,Observation,M0,baseline time,loinc:64103-5,40766819
hxrespage_pf,History of respiratory system disease (mother) - Age ,INT,years,,,129,9871,20,89,,,,,snomed:151181000119106,Family History of respiratory system disease,46274036,Age|father,loinc:30525-0|snomed:66839005,3022304|4283070,year,ucum:a,9448,Observation,M0,baseline time,loinc:64103-5,40766819
hxstrokeage_pf,History of stroke (mother) - Age ,INT,years,,,1274,8726,18,99,,,,,snomed:275104002,Family History of stroke,4169009,Age|father,loinc:30525-0|snomed:66839005,3022304|4283070,year,ucum:a,9448,Observation,M0,baseline time,loinc:64103-5,40766819
hxsuddage_pf,History of sudden death (mother) - Age ,INT,years,,,158,9842,25,99,,,,,snomed:430283008,Family History of sudden death,4160280,Age|father,loinc:30525-0|snomed:66839005,3022304|4283070,year,ucum:a,9448,Observation,M0,baseline time,loinc:64103-5,40766819
hxanyoage_pm,History of any other disease (father) - Age ,INT,years,,,69,9931,40,97,,,,,snomed:416471007,Family History of clinical finding,4167217,Age|mother,loinc:30525-0|snomed:72705000,3022304|4248584,year,ucum:a,9448,Observation,M0,baseline time,loinc:64103-5,40766819
hxcanage_pm,History of neoplasm (father) - Age ,INT,years,,,712,9288,26,99,,,,,snomed:266883004,Family History of neoplasm,4144262,Age|mother,loinc:30525-0|snomed:72705000,3022304|4248584,year,ucum:a,9448,Observation,M0,baseline time,loinc:64103-5,40766819
hxchdage_pm,History of conorary heart disease (father) - Age ,INT,years,,,951,9049,28,99,,,,,snomed:203261000000108,Family History of CHD,44789401,Age|mother,loinc:30525-0|snomed:72705000,3022304|4248584,year,ucum:a,9448,Observation,M0,baseline time,loinc:64103-5,40766819
hxcvdage_pm,History of cardiovascular disease (father) - Age ,INT,years,,,951,9049,28,99,,,,,snomed:266894000,Family History of cardiovascular disease,4148407,Age|mother,loinc:30525-0|snomed:72705000,3022304|4248584,year,ucum:a,9448,Observation,M0,baseline time,loinc:64103-5,40766819
hxdiabage_pm,History of diabetes (father) - Age ,INT,years,,,1573,8427,25,99,,,,,snomed:160303001,Family History of diabetes,4051114,Age|mother,loinc:30525-0|snomed:72705000,3022304|4248584,year,ucum:a,9448,Observation,M0,baseline time,loinc:64103-5,40766819
hxhypage_pm,History of hypertension (father) - Age ,INT,years,,,1881,8119,10,99,,,,,snomed:160357008,Family History of hypertension,4050816,Age|mother,loinc:30525-0|snomed:72705000,3022304|4248584,year,ucum:a,9448,Observation,M0,baseline time,loinc:64103-5,40766819
hxrespage_pm,History of respiratory system disease (father) - Age ,INT,years,,,183,9817,20,95,,,,,snomed:151181000119106,Family History of respiratory system disease,46274036,Age|mother,loinc:30525-0|snomed:72705000,3022304|4248584,year,ucum:a,9448,Observation,M0,baseline time,loinc:64103-5,40766819
hxstrokeage_pm,History of stroke (father) - Age ,INT,years,,,1402,8598,32,99,,,,,snomed:275104002,Family History of stroke,4169009,Age|mother,loinc:30525-0|snomed:72705000,3022304|4248584,year,ucum:a,9448,Observation,M0,baseline time,loinc:64103-5,40766819
hxsuddage_pm,History of sudden death (father) - Age ,INT,years,,,378,9622,35,99,,,,,snomed:430283008,Family History of sudden death,4160280,Age|mother,loinc:30525-0|snomed:72705000,3022304|4248584,year,ucum:a,9448,Observation,M0,baseline time,loinc:64103-5,40766819
sbp,Systolic blood pressure,INT,mmHg,,,9997,3,78,250,,,,,loinc:8480-6,Systolic blood pressure,3004249,,,,millimeter mercury column,ucum:mm[Hg],8876,Measurement,M0,baseline time,loinc:64103-5,40766819
dbp,Diastolic blood pressure,INT,mmHg,,,9996,4,44,144,,,,,loinc:8462-4,Diastolic blood pressure,3012888,,,,millimeter mercury column,ucum:mm[Hg],8876,Measurement,M0,baseline time,loinc:64103-5,40766819
ht,Height (cm),FLOAT,m,,,9997,3,,,,,,,loinc:8302-2,Body height,3036277,,,,centimeter,ucum:cm,8582,Measurement,M0,baseline time,loinc:64103-5,40766819
wt,Weight (kg),FLOAT,kg,,,9997,3,,,,,,,loinc:29463-7,Body weight,3025315,,,,kilogram,ucum:kg,9529,Measurement,M0,baseline time,loinc:64103-5,40766819
bmi,Body mass index,FLOAT,kg/m2,,,9995,5,,,,,,,loinc:39156-5,Body mass index (BMI) [Ratio],3038553,,,,kilogram per square meter,ucum:kg/m2,9531,Measurement,M0,baseline time,loinc:64103-5,40766819
waist,Waist circumference (cm),FLOAT,m,,,9999,1,,,,,,,snomed:276361009,Waist circumference,4172830,,,,centimeter,ucum:cm,8582,Measurement,M0,baseline time,loinc:64103-5,40766819
hip,Hip circumference (cm),FLOAT,m,,,9999,1,,,,,,,snomed:284472007,Hip circumference,4111665,,,,centimeter,ucum:cm,8582,Measurement,M0,baseline time,loinc:64103-5,40766819
whr,Waist/hip ratio,FLOAT,,,,9999,1,,,,,,,snomed:248367009,Waist/hip ratio,4087501,,,,ratio,ucum:{ratio},8523,Measurement,M0,baseline time,loinc:64103-5,40766819
pulse,Pulse,INT,1/min,,,9991,9,37,197,,,,,loinc:29463-7,Heart rate,3027018,,,,counts per minute,ucum:{counts}/min,8483,Measurement,M0,baseline time,loinc:64103-5,40766819
fatmass,Body Fat Mass,INT,kg,,,7008,2992,1,71,,,,,loinc:73708-0,Body fat [Mass] Calculated,43533733,,,,kilogram,ucum:kg,9529,Measurement,M0,baseline time,loinc:64103-5,40766819
fatperc,Body Fat Percentage,INT,%,,,7008,2992,4,51,,,,,loinc:41982-0,Percentage of body fat Measured,3032843,,,,percent,ucum:%,8554,Measurement,M0,baseline time,loinc:64103-5,40766819
lpa,lipoprotein A,FLOAT,¬µmol/L,,,3012,6988,,,,,,,loinc:43583-4,Lipoprotein a [Moles/volume] in Serum or Plasma,3046664,,,,micromole per liter,,8749,Measurement,M0,baseline time,loinc:64103-5,40766819
hemcrit,haemocrit,INT,%,,,6310,3690,9,60,,,,,loinc:29463-7,Hematocrit [Volume Fraction] of Blood,3009542,,,,percent,ucum:%,8554,Measurement,M0,baseline time,loinc:64103-5,40766819
hemglob,haemoglobin,INT,g/l,,,6310,3690,29,203,,,,,loinc:718-7,Hemoglobin [Mass/volume] in Blood,3000963,,,,gram per liter,ucum:g/L,8636,Measurement,M0,baseline time,loinc:64103-5,40766819
leuc,white blood cell count,FLOAT,10^9/L,,,6310,3690,,,,,,,loinc:26464-8,Leukocytes [#/volume] in Blood,3010813,,,,billion per liter,ucum:10*9/L,9444,Measurement,M0,baseline time,loinc:64103-5,40766819
platelet,platelet estimate,INT,109/L,,,6310,3690,20,3000,,,,,snomed:1108041000000107,Platelet count in blood,37208696,,,,billion per liter,ucum:10*9/L,9444,Measurement,M0,baseline time,loinc:64103-5,40766819
crp,c-reactive protein,FLOAT,mg/L,,,3012,6988,,,,,,,loinc:1988-5,C reactive protein [Mass/volume] in Serum or Plasma,3020460,,,,milligram per liter,ucum:mg/L,8751,Measurement,M0,baseline time,loinc:64103-5,40766819
basos,basophils,FLOAT,% (leuc),,,6308,3692,,,,,,,loinc:71675-3,Basophils/Leukocytes [Pure number fraction] in Blood by Manual count,43055368,,,,percent,ucum:%,8554,Measurement,M0,baseline time,loinc:64103-5,40766819
lymphs,lymphocytes,FLOAT,% (leuc),,,6310,3690,,,,,,,loinc:71673-8,Lymphocytes/Leukocytes [Pure number fraction] in Blood by Manual count,43055366,,,,percent,ucum:%,8554,Measurement,M0,baseline time,loinc:64103-5,40766819
monos,monocytes,FLOAT,% (leuc),,,6310,3690,,,,,,,loinc:71672-0,Monocytes/Leukocytes [Pure number fraction] in Blood by Manual count,43055365,,,,percent,ucum:%,8554,Measurement,M0,baseline time,loinc:64103-5,40766819
neutros,neutrophils,FLOAT,% (leuc),,,6310,3690,,,,,,,loinc:71671-2,Neutrophils/Leukocytes [Pure number fraction] in Blood by Manual count,43055364,,,,percent,ucum:%,8554,Measurement,M0,baseline time,loinc:64103-5,40766819
rbc,red blood cell count,FLOAT,10^12/l,,,6310,3690,,,,,,,loinc:790-6,Erythrocytes [#/volume] in Blood by Manual count,3027017,,,,trillion per liter,ucum:10*12/L,8734,Measurement,M0,baseline time,loinc:64103-5,40766819
alp,Alkaline Phosphatase,FLOAT,IU/L,,,3012,6988,,,,,,,loinc:1783-0,Alkaline phosphatase [Enzymatic activity/volume] in Blood,3001110,,,,international unit per liter,ucum:[iU]/L,8923,Measurement,M0,baseline time,loinc:64103-5,40766819
alt,Alanine Transaminase (ALT  GPT  SGPT or ALAT),FLOAT,IU/L,,,3012,6988,,,,,,,loinc:76625-3,Alanine aminotransferase [Enzymatic activity/volume] in Blood,46235106,,,,international unit per liter,ucum:[iU]/L,8923,Measurement,M0,baseline time,loinc:64103-5,40766819
ast,Aspartate Aminotransferase (GOT or SGOT),FLOAT,IU/L,,,3012,6988,,,,,,,loinc:1920-8,Aspartate aminotransferase [Enzymatic activity/volume] in Serum or Plasma,3013721,,,,international unit per liter,ucum:[iU]/L,8923,Measurement,M0,baseline time,loinc:64103-5,40766819
ggt,Gamma-glutamyl transferase,FLOAT,IU/L,,,3012,6988,,,,,,,loinc:2324-2,Gamma glutamyl transferase [Enzymatic activity/volume] in Serum or Plasma,3026910,,,,international unit per liter,ucum:[iU]/L,8923,Measurement,M0,baseline time,loinc:64103-5,40766819
hba1c,glycosylated haemoglobin,FLOAT,%,,,9701,299,,,,,,,loinc:4548-4,Hemoglobin A1c/Hemoglobin.total in Blood,3004410,,,,percent,ucum:%,8554,Measurement,M0,baseline time,loinc:64103-5,40766819
eosins,eosinophils,FLOAT,% (leuc),,,6310,3690,,,,,,,loinc:71674-6,Eosinophils/Leukocytes [Pure number fraction] in Blood by Manual count,43055367,,,,percent,ucum:%,8554,Measurement,M0,baseline time,loinc:64103-5,40766819
pregnant,Pregnancy: status,STR,,1= Yes|0=No,,5129,4871,,,,loinc:LA33-6|loinc:LA32-8,Yes| No,45877994|45878245,snomed:77386006,Pregnancy,4299535,,,,,,,Observation,M0,baseline time,loinc:64103-5,40766819
pregnum,Pregnancy: total number,INT,,,999,5039,4961,,,,,,,snomed:246211005,Number of previous pregnancies,4078008,,,,,,,Observation,M0,baseline time,loinc:64103-5,40766819
pregbfed,Ever breast fed,STR,,1= Yes|0=No,,5039,4961,,,,loinc:LA33-6|loinc:LA32-8,Yes| No,45877994|45878245,snomed:1260078007,Maternal breastfeeding,37174497,,,,,,,Observation,M0,baseline time,loinc:64103-5,40766819
perstrt,Menstruation: start age ,INT,years,,,5130,4870,1,30,,,,,snomed:398700009,Age at menarche,4162552,,,,year,ucum:a,9448,Observation,M0,baseline time,loinc:64103-5,40766819
perend,Menstruation: stop age ,INT,years,,,3253,6747,13,69,,,,,snomed:773251000,Age at menopause,36676381,,,,year,ucum:a,9448,Observation,M0,baseline time,loinc:64103-5,40766819
dos,Date of survey,STR,,,,10000,0,,,,,,,loinc:76423-3,Date of first visit,46235913,,,,,,,Observation_period,M0,baseline time,loinc:64103-5,40766819
doof,Date of event/censoring,STR,,,,10000,0,,,,,,,snomed:439771001,Date of event,4208903,,,,,,,Observation_period,M0,baseline time,loinc:64103-5,40766819
outagef,Age at event/censoring,STR,,,,10000,0,,,,,,,loinc:75272-5,Age at event onset,46235847,,,,,,,Observation_period,M0,baseline time,loinc:64103-5,40766819
durationf,Time to event,INT,years,,,10000,0,,,,,,,snomed:460791000124109,Time of event,37208123,,,,year,ucum:a,9448,Observation_period,M0,baseline time,loinc:64103-5,40766819
epf_dead,Mortality,STR,,"0=""alive""|1=""dead"" ",-1,10000,0,,,,loinc:LA32-8|loinc:LA33-6,no|yes,45878245|45877994,snomed:419620001,Death,4306655,,,,,,,Observation,M0,baseline time,loinc:64103-5,40766819
epf_afibflut_f,cause of death: Atrial fibrillation / flutter,STR,,0=no| 1=yes| -1=yes (unk mortality)| 5=nonfatal censor| 6= fatal censor,,10000,0,,,,loinc:LA32-8|loinc:LA33-6|snomed:87309006|icare:icv200000098|icare:icv200000099,no|yes|Death of unknown cause|nonfatal censoring|fatal censoring,45878245|45877994|441413|2000000098|2000000099,snomed:184305005,cause of death,4083743,Atrial flutter,snomed:5370000,314665,,,,Observation,M0,baseline time,loinc:64103-5,40766819
epf_alzhei_f,cause of death: Alzheimers and related conditions,STR,,0=no| 1=yes| -1=yes (unk mortality)| 5=nonfatal censor| 6= fatal censor,,10000,0,,,,loinc:LA32-8|loinc:LA33-6|snomed:87309006|icare:icv200000098|icare:icv200000099,no|yes|Death of unknown cause|nonfatal censoring|fatal censoring,45878245|45877994|441413|2000000098|2000000099,snomed:184305005,cause of death,4083743,Alzheimer's disease,snomed:26929004,378419,,,,Observation,M0,baseline time,loinc:64103-5,40766819
epf_aoraneu_f,cause of death:Aortic aneurysm ,STR,,0=no| 1=yes| -1=yes (unk mortality)| 5=nonfatal censor| 6= fatal censor,,10000,0,,,,loinc:LA32-8|loinc:LA33-6|snomed:87309006|icare:icv200000098|icare:icv200000099,no|yes|Death of unknown cause|nonfatal censoring|fatal censoring,45878245|45877994|441413|2000000098|2000000099,snomed:184305005,cause of death,4083743,Aortic aneurysm ,snomed:67362008,317585,,,,Observation,M0,baseline time,loinc:64103-5,40766819
epf_chd_f,cause of death: All coronary heart disease,STR,,0=no| 1=yes| -1=yes (unk mortality)| 5=nonfatal censor| 6= fatal censor,,10000,0,,,,loinc:LA32-8|loinc:LA33-6|snomed:87309006|icare:icv200000098|icare:icv200000099,no|yes|Death of unknown cause|nonfatal censoring|fatal censoring,45878245|45877994|441413|2000000098|2000000099,snomed:184305005,cause of death,4083743,Congenital heart disease,snomed:13213009,312723,,,,Observation,M0,baseline time,loinc:64103-5,40766819
epf_cirrliv_f,cause of death: Cirrosis / alcohol liver disease,STR,,0=no| 1=yes| -1=yes (unk mortality)| 5=nonfatal censor| 6= fatal censor,,10000,0,,,,loinc:LA32-8|loinc:LA33-6|snomed:87309006|icare:icv200000098|icare:icv200000099,no|yes|Death of unknown cause|nonfatal censoring|fatal censoring,45878245|45877994|441413|2000000098|2000000099,snomed:184305005,cause of death,4083743,Alcoholic cirrhosis,snomed:420054005,196463,,,,Observation,M0,baseline time,loinc:64103-5,40766819
epf_comphd_f,cause of death: Ill defined descriptions and complications of heart disease,STR,,0=no| 1=yes| -1=yes (unk mortality)| 5=nonfatal censor| 6= fatal censor,,10000,0,,,,loinc:LA32-8|loinc:LA33-6|snomed:87309006|icare:icv200000098|icare:icv200000099,no|yes|Death of unknown cause|nonfatal censoring|fatal censoring,45878245|45877994|441413|2000000098|2000000099,snomed:184305005,cause of death,4083743,,,,,,,Observation,M0,baseline time,loinc:64103-5,40766819
epf_copd_f,cause of death: COPD and related conditions,STR,,0=no| 1=yes| -1=yes (unk mortality)| 5=nonfatal censor| 6= fatal censor,,10000,0,,,,loinc:LA32-8|loinc:LA33-6|snomed:87309006|icare:icv200000098|icare:icv200000099,no|yes|Death of unknown cause|nonfatal censoring|fatal censoring,45878245|45877994|441413|2000000098|2000000099,snomed:184305005,cause of death,4083743,COPD,loinc:LA10559-5,45877605,,,,Observation,M0,baseline time,loinc:64103-5,40766819
epf_crbv_f,cause of death: All cerebrovascular diseases,STR,,0=no| 1=yes| -1=yes (unk mortality)| 5=nonfatal censor| 6= fatal censor,,10000,0,,,,loinc:LA32-8|loinc:LA33-6|snomed:87309006|icare:icv200000098|icare:icv200000099,no|yes|Death of unknown cause|nonfatal censoring|fatal censoring,45878245|45877994|441413|2000000098|2000000099,snomed:184305005,cause of death,4083743,Cerebrovascular disease,snomed:62914000,381591,,,,Observation,M0,baseline time,loinc:64103-5,40766819
epf_cv_f,cause of death: All cardiovascular diseases,STR,,0=no| 1=yes| -1=yes (unk mortality)| 5=nonfatal censor| 6= fatal censor,,10000,0,,,,loinc:LA32-8|loinc:LA33-6|snomed:87309006|icare:icv200000098|icare:icv200000099,no|yes|Death of unknown cause|nonfatal censoring|fatal censoring,45878245|45877994|441413|2000000098|2000000099,snomed:184305005,cause of death,4083743,Disorder of cardiovascular system,snomed:49601007,134057,,,,Observation,M0,baseline time,loinc:64103-5,40766819
epf_diab1_f,cause of death:Diabetes mellitus type 1,STR,,0=no| 1=yes| -1=yes (unk mortality)| 5=nonfatal censor| 6= fatal censor,,10000,0,,,,loinc:LA32-8|loinc:LA33-6|snomed:87309006|icare:icv200000098|icare:icv200000099,no|yes|Death of unknown cause|nonfatal censoring|fatal censoring,45878245|45877994|441413|2000000098|2000000099,snomed:184305005,cause of death,4083743,Type 1 diabetes mellitus,snomed:46635009,201254,,,,Observation,M0,baseline time,loinc:64103-5,40766819
epf_diab2_f,cause of death: Diabetes mellitus type 2,STR,,0=no| 1=yes| -1=yes (unk mortality)| 5=nonfatal censor| 6= fatal censor,,10000,0,,,,loinc:LA32-8|loinc:LA33-6|snomed:87309006|icare:icv200000098|icare:icv200000099,no|yes|Death of unknown cause|nonfatal censoring|fatal censoring,45878245|45877994|441413|2000000098|2000000099,snomed:184305005,cause of death,4083743,Type 2 diabetes (T2DM),snomed:44054006,201826,,,,Observation,M0,baseline time,loinc:64103-5,40766819
epf_diab_f,cause of death: Diabetes mellitus,STR,,0=no| 1=yes| -1=yes (unk mortality)| 5=nonfatal censor| 6= fatal censor,,10000,0,,,,loinc:LA32-8|loinc:LA33-6|snomed:87309006|icare:icv200000098|icare:icv200000099,no|yes|Death of unknown cause|nonfatal censoring|fatal censoring,45878245|45877994|441413|2000000098|2000000099,snomed:184305005,cause of death,4083743,Diabetes mellitus,snomed:73211009,201820,,,,Observation,M0,baseline time,loinc:64103-5,40766819
epf_dvt_f,cause of death: Deep venous thrombosis,STR,,0=no| 1=yes| -1=yes (unk mortality)| 5=nonfatal censor| 6= fatal censor,,10000,0,,,,loinc:LA32-8|loinc:LA33-6|snomed:87309006|icare:icv200000098|icare:icv200000099,no|yes|Death of unknown cause|nonfatal censoring|fatal censoring,45878245|45877994|441413|2000000098|2000000099,snomed:184305005,cause of death,4083743,Deep venous thrombosis,snomed:128053003,4133004,,,,Observation,M0,baseline time,loinc:64103-5,40766819
epf_dysrh_f,cause of death: Cardiac dysrhythmia ,STR,,0=no| 1=yes| -1=yes (unk mortality)| 5=nonfatal censor| 6= fatal censor,,10000,0,,,,loinc:LA32-8|loinc:LA33-6|snomed:87309006|icare:icv200000098|icare:icv200000099,no|yes|Death of unknown cause|nonfatal censoring|fatal censoring,45878245|45877994|441413|2000000098|2000000099,snomed:184305005,cause of death,4083743,Cardiac arrhythmia,snomed:698247007,44784217,,,,Observation,M0,baseline time,loinc:64103-5,40766819
epf_endocr_f,cause of death: Endocrine  nutrirional  metabolic ,STR,,0=no| 1=yes| -1=yes (unk mortality)| 5=nonfatal censor| 6= fatal censor,,10000,0,,,,loinc:LA32-8|loinc:LA33-6|snomed:87309006|icare:icv200000098|icare:icv200000099,no|yes|Death of unknown cause|nonfatal censoring|fatal censoring,45878245|45877994|441413|2000000098|2000000099,snomed:184305005,cause of death,4083743,Disorder of endocrine system,snomed:362969004,31821,,,,Observation,M0,baseline time,loinc:64103-5,40766819
epf_epipar_f,cause of death: Episodic / paroxysmal disorders,STR,,0=no| 1=yes| -1=yes (unk mortality)| 5=nonfatal censor| 6= fatal censor,,10000,0,,,,loinc:LA32-8|loinc:LA33-6|snomed:87309006|icare:icv200000098|icare:icv200000099,no|yes|Death of unknown cause|nonfatal censoring|fatal censoring,45878245|45877994|441413|2000000098|2000000099,snomed:184305005,cause of death,4083743,Episodic and paroxysmal disorders,icd10:G40-G47,40475072,,,,Observation,M0,baseline time,loinc:64103-5,40766819
epf_hfail_f,cause of death: Heart failure ,STR,,0=no| 1=yes| -1=yes (unk mortality)| 5=nonfatal censor| 6= fatal censor,,10000,0,,,,loinc:LA32-8|loinc:LA33-6|snomed:87309006|icare:icv200000098|icare:icv200000099,no|yes|Death of unknown cause|nonfatal censoring|fatal censoring,45878245|45877994|441413|2000000098|2000000099,snomed:184305005,cause of death,4083743,Emergency hospital admission for heart failure,snomed:416683003,4215511,,,,Observation,M0,baseline time,loinc:64103-5,40766819
epf_hyp_f,cause of death: Hypertension ,STR,,0=no| 1=yes| -1=yes (unk mortality)| 5=nonfatal censor| 6= fatal censor,,10000,0,,,,loinc:LA32-8|loinc:LA33-6|snomed:87309006|icare:icv200000098|icare:icv200000099,no|yes|Death of unknown cause|nonfatal censoring|fatal censoring,45878245|45877994|441413|2000000098|2000000099,snomed:184305005,cause of death,4083743,Hypertensive disorder,snomed:38341003,316866,,,,Observation,M0,baseline time,loinc:64103-5,40766819
epf_liver_f,cause of death: Liver disease ,STR,,0=no| 1=yes| -1=yes (unk mortality)| 5=nonfatal censor| 6= fatal censor,,10000,0,,,,loinc:LA32-8|loinc:LA33-6|snomed:87309006|icare:icv200000098|icare:icv200000099,no|yes|Death of unknown cause|nonfatal censoring|fatal censoring,45878245|45877994|441413|2000000098|2000000099,snomed:184305005,cause of death,4083743,Liver disease,loinc:LA25810-5,21499348,,,,Observation,M0,baseline time,loinc:64103-5,40766819
epf_mental_f,cause of death: Mental disorders,STR,,0=no| 1=yes| -1=yes (unk mortality)| 5=nonfatal censor| 6= fatal censor,,10000,0,,,,loinc:LA32-8|loinc:LA33-6|snomed:87309006|icare:icv200000098|icare:icv200000099,no|yes|Death of unknown cause|nonfatal censoring|fatal censoring,45878245|45877994|441413|2000000098|2000000099,snomed:184305005,cause of death,4083743,Mental disorder,snomed:74732009,432586,,,,Observation,M0,baseline time,loinc:64103-5,40766819
epf_mi_f,cause of death: Myocardial infarction,STR,,0=no| 1=yes| -1=yes (unk mortality)| 5=nonfatal censor| 6= fatal censor,,10000,0,,,,loinc:LA32-8|loinc:LA33-6|snomed:87309006|icare:icv200000098|icare:icv200000099,no|yes|Death of unknown cause|nonfatal censoring|fatal censoring,45878245|45877994|441413|2000000098|2000000099,snomed:184305005,cause of death,4083743,Myocardial infarction,snomed:22298006,4329847,,,,Observation,M0,baseline time,loinc:64103-5,40766819
epf_pneumo_f,cause of death: Pneumonia ,STR,,0=no| 1=yes| -1=yes (unk mortality)| 5=nonfatal censor| 6= fatal censor,,10000,0,,,,loinc:LA32-8|loinc:LA33-6|snomed:87309006|icare:icv200000098|icare:icv200000099,no|yes|Death of unknown cause|nonfatal censoring|fatal censoring,45878245|45877994|441413|2000000098|2000000099,snomed:184305005,cause of death,4083743,Pneumonia,snomed:233604007,255848,,,,Observation,M0,baseline time,loinc:64103-5,40766819
epf_pulemb_f,cause of death: Pulmonary embolism ,STR,,0=no| 1=yes| -1=yes (unk mortality)| 5=nonfatal censor| 6= fatal censor,,10000,0,,,,loinc:LA32-8|loinc:LA33-6|snomed:87309006|icare:icv200000098|icare:icv200000099,no|yes|Death of unknown cause|nonfatal censoring|fatal censoring,45878245|45877994|441413|2000000098|2000000099,snomed:184305005,cause of death,4083743,Pulmonary embolism ,snomed:22298006,440417,,,,Observation,M0,baseline time,loinc:64103-5,40766819
epf_pvd_f,cause of death: Peripheral vascular disease ,STR,,0=no| 1=yes| -1=yes (unk mortality)| 5=nonfatal censor| 6= fatal censor,,10000,0,,,,loinc:LA32-8|loinc:LA33-6|snomed:87309006|icare:icv200000098|icare:icv200000099,no|yes|Death of unknown cause|nonfatal censoring|fatal censoring,45878245|45877994|441413|2000000098|2000000099,snomed:184305005,cause of death,4083743,Peripheral vascular disease ,snomed:400047006,321052,,,,Observation,M0,baseline time,loinc:64103-5,40766819
epf_renal_f,cause of death: Renal disease ,STR,,0=no| 1=yes| -1=yes (unk mortality)| 5=nonfatal censor| 6= fatal censor,,10000,0,,,,loinc:LA32-8|loinc:LA33-6|snomed:87309006|icare:icv200000098|icare:icv200000099,no|yes|Death of unknown cause|nonfatal censoring|fatal censoring,45878245|45877994|441413|2000000098|2000000099,snomed:184305005,cause of death,4083743,Kidney disease,snomed:90708001,198124,,,,Observation,M0,baseline time,loinc:64103-5,40766819
epf_resp_f,cause of death: Respiratory system disease,STR,,0=no| 1=yes| -1=yes (unk mortality)| 5=nonfatal censor| 6= fatal censor,,10000,0,,,,loinc:LA32-8|loinc:LA33-6|snomed:87309006|icare:icv200000098|icare:icv200000099,no|yes|Death of unknown cause|nonfatal censoring|fatal censoring,45878245|45877994|441413|2000000098|2000000099,snomed:184305005,cause of death,4083743,Disorder of respiratory system,snomed:50043002,320136,,,,Observation,M0,baseline time,loinc:64103-5,40766819
epf_sah_f,cause of death: Subarachnoid haemorrhage,STR,,0=no| 1=yes| -1=yes (unk mortality)| 5=nonfatal censor| 6= fatal censor,,10000,0,,,,loinc:LA32-8|loinc:LA33-6|snomed:87309006|icare:icv200000098|icare:icv200000099,no|yes|Death of unknown cause|nonfatal censoring|fatal censoring,45878245|45877994|441413|2000000098|2000000099,snomed:184305005,cause of death,4083743,Subarachnoid haemorrhage,snomed:21454007,432923,,,,Observation,M0,baseline time,loinc:64103-5,40766819
epf_strh_f,cause of death: Haemorrhagic stroke,STR,,0=no| 1=yes| -1=yes (unk mortality)| 5=nonfatal censor| 6= fatal censor,,10000,0,,,,loinc:LA32-8|loinc:LA33-6|snomed:87309006|icare:icv200000098|icare:icv200000099,no|yes|Death of unknown cause|nonfatal censoring|fatal censoring,45878245|45877994|441413|2000000098|2000000099,snomed:184305005,cause of death,4083743,Haemorrhagic stroke,snomed:1078001000000105,35609033,,,,Observation,M0,baseline time,loinc:64103-5,40766819
epf_stri_f,cause of death: Ischemic stroke,STR,,0=no| 1=yes| -1=yes (unk mortality)| 5=nonfatal censor| 6= fatal censor,,10000,0,,,,loinc:LA32-8|loinc:LA33-6|snomed:87309006|icare:icv200000098|icare:icv200000099,no|yes|Death of unknown cause|nonfatal censoring|fatal censoring,45878245|45877994|441413|2000000098|2000000099,snomed:184305005,cause of death,4083743,Ischemic stroke,snomed:422504002,4310996,,,,Observation,M0,baseline time,loinc:64103-5,40766819
epf_stru_f,cause of death: Unclassified stroke,STR,,0=no| 1=yes| -1=yes (unk mortality)| 5=nonfatal censor| 6= fatal censor,,10000,0,,,,loinc:LA32-8|loinc:LA33-6|snomed:87309006|icare:icv200000098|icare:icv200000099,no|yes|Death of unknown cause|nonfatal censoring|fatal censoring,45878245|45877994|441413|2000000098|2000000099,snomed:184305005,cause of death,4083743,Cerebrovascular accident,snomed:230690007,381316,,,,Observation,M0,baseline time,loinc:64103-5,40766819
epf_suddth_f,cause of death: Sudden death,STR,,0=no| 1=yes| -1=yes (unk mortality)| 5=nonfatal censor| 6= fatal censor,,10000,0,,,,loinc:LA32-8|loinc:LA33-6|snomed:87309006|icare:icv200000098|icare:icv200000099,no|yes|Death of unknown cause|nonfatal censoring|fatal censoring,45878245|45877994|441413|2000000098|2000000099,snomed:184305005,cause of death,4083743,Sudden death,snomed:26636000,4132309,,,,Observation,M0,baseline time,loinc:64103-5,40766819
epf_vasc_f,cause of death: All vascular (All CHD plus all cerebrovascular),STR,,0=no| 1=yes| -1=yes (unk mortality)| 5=nonfatal censor| 6= fatal censor,,10000,0,,,,loinc:LA32-8|loinc:LA33-6|snomed:87309006|icare:icv200000098|icare:icv200000099,no|yes|Death of unknown cause|nonfatal censoring|fatal censoring,45878245|45877994|441413|2000000098|2000000099,,,,,,,,,,Observation,M0,baseline time,loinc:64103-5,40766819
DateBloodDraw,date of blood drawn,DATETIME,,,,9998,2,,,,,,,loinc:66240-3,Blood draw,40768918,Date,snomed:410672004,4260905,,,,Observation_period,M0,baseline time,loinc:64103-5,40766819
TimeBloodDraw,time of blood drawn,DATETIME,,,,9998,2,,,,,,,loinc:64111-8,Time at blood draw,40766826,,,,,,,Observation_period,M0,baseline time,loinc:64103-5,40766819
DateLastMeal,date of last meal,DATETIME,,,,9998,2,,,,,,,snomed:240941000000101,Time of last meal,44790570,Date,snomed:410672004,4260905,,,,Observation_period,M0,baseline time,loinc:64103-5,40766819
TimeLastMeal,time of last meal,DATETIME,,,,9998,2,,,,,,,snomed:240941000000101,Time of last meal,44790570,,,,,,,Observation_period,M0,baseline time,loinc:64103-5,40766819
CBCDate,Date of Complete Blood Count Analysis,DATETIME,,,,6310,3690,,,,,,,snomed:26604007,Complete blood count,4132152,Date,snomed:410672004,4260905,,,,Observation_period,M0,baseline time,loinc:64103-5,40766819
soma_7k,SomaScan 7K Assay - 7 000 total protein measurements,STR,,,,10000,0,,,,,,,icare:icv200000100,Soma Scan Assay,2000000100,,,,,,,Measurement,M0,baseline time,loinc:64103-5,40766819
