"VARIABLENAME","VARIABLELABEL","VARTYPE","UNITS","CATEGORICAL","MISSING","COUNT","NA","MIN","MAX","Formula","Categorical Value Concept Code","Categorical Value Concept Name","Categorical Value OMOP ID","Variable Concept Code","Variable Concept Name","Variable OMOP ID","Additional Context Concept Name","Additional Context Concept Code","Additional Context OMOP ID","Unit Concept Name","Unit Concept Code","Unit OMOP ID","Domain","Visits","Visit OMOP ID","Visit Concept Name","Visit Concept Code"
"ACE","Angiotensin-converting enzyme inhibitors","STR",,"ramipril=ramipril|enalapril=enalapril|perindopril=perindopril",,185,657,,,,"rxnorm:35296|rxnorm:3827|rxnorm:54552","ramipril|enalapril|perindopril","1334456|1341927|1373225","atc:C09AA","""ACE inhibitors, plain""",21601784,"Type","snomed:410656007",4259643,,,,"Drug_Exposure","visit date",46235916,"Visit date","loinc:76427-4"
"ACE_dd","original dosage of angiotensin-converting enzyme inhibitor","FLOAT","mg",,,842,0,0,20,,,,,"atc:C09AA","""ACE inhibitors, plain""",21601784,"Dosage","snomed:260911001",4118853,"milligram","ucum:mg",8576,"Drug_Exposure","visit date",46235916,"Visit date","loinc:76427-4"
"AddDiuretics","additional diuretics","STR",,"xipamid=xipamide",,20,822,,,,"loinc:LA33-6","Yes",45877994,"rxnorm:11371","xipamide",19010493,,,,,,,"Drug_Exposure","visit date",46235916,"Visit date","loinc:76427-4"
"AddDiuretics_dd","original dosage of additional diuretics","FLOAT","mg",,,842,0,,,,,,,"rxnorm:11371","xipamide",19010493,"Dosage","snomed:260911001",4118853,"milligram","ucum:mg",8576,"Drug_Exposure","visit date",46235916,"Visit date","loinc:76427-4"
"Age","age at visit","INT","years",,,842,0,23,93,,,,,"loinc:30525-0","Age",3022304,,,,"year","ucum:a",9448,"Person","visit date",46235916,"Visit date","loinc:76427-4"
"ALT","Alanine aminotransferase","FLOAT","U/l",,,842,0,5,241,,,,,"loinc:76625-3","Alanine aminotransferase [Enzymatic activity/volume] in Blood",46235106,,,,"international unit per liter","ucum:[iU]/L",8923,"Measurement","visit date",46235916,"Visit date","loinc:76427-4"
"ARB","Angiotensin II receptor blockers","STR",,"candesartan=candesartan|losartan=losartan|valsartan=valsartan|telmisartan=telmisartan",,119,723,,,,"rxnorm:214354|rxnorm:52175|rxnorm:69749|rxnorm:73494","candesartan|losartan|valsartan|telmisartan","1351557|1367500|1308842|1317640","snomed:734629003","Angiotensin II receptor antagonist",42536050,,,,,,,"Drug_Exposure","visit date",46235916,"Visit date","loinc:76427-4"
"ARB_dd","original dosage of ARB","FLOAT","mg",,,842,0,0,320,,,,,"snomed:734629003","Angiotensin II receptor antagonist",42536050,"Dosage","snomed:260911001",4118853,"milligram","ucum:mg",8576,"Drug_Exposure","visit date",46235916,"Visit date","loinc:76427-4"
"ARNI","sacubitril/valsartan","STR",,"sacubitril/valsartan=sacubitril/valsartan",,471,371,,,,"rxnorm:1656338","sacubitril / valsartan Oral Tablet",46275724,"rxnorm:1656339","sacubitril/valsartan",778939,,,,,,,"Drug_Exposure","visit date",46235916,"Visit date","loinc:76427-4"
"ARNI_dd","original dosage of ARNI","FLOAT","mg",,,842,0,0,400,,,,,"rxnorm:1656339","sacubitril/valsartan",778939,"Dosage","snomed:260911001",4118853,"milligram","ucum:mg",8576,"Drug_Exposure","visit date",46235916,"Visit date","loinc:76427-4"
"AST","Aspartate aminotransferase","FLOAT","U/l",,,842,0,5,230,,,,,"loinc:1920-8","Aspartate aminotransferase [Enzymatic activity/volume] in Serum or Plasma",3013721,,,,"international unit per liter","ucum:[iU]/L",8923,"Measurement","visit date",46235916,"Visit date","loinc:76427-4"
"Atrialfibrillation","History of atrial fibrillation","INT",,"0=no|1=yes",,842,0,,,,"loinc:LA32-8|loinc:LA33-6","No|Yes","45878245|45877994","snomed:49436004","Atrial fibrillation",313217,,,,,,,"Observation","visit date",46235916,"Visit date","loinc:76427-4"
"BB","Beta blockers","STR",,"bisoprolol=bisoprolol|metoprolol=metoprolol|carvedilol=carvedilol|nebivolol=nebivolol",,784,58,,,,"rxnorm:19484|rxnorm:6918|rxnorm:20352|rxnorm:31555","bisoprolol|metoprolol|carvedilol|nebivolol","1338005|1307046|1346823|1314577","atc:C07A","BETA BLOCKING AGENTS",21601665,,,,,,,"Drug_Exposure","visit date",46235916,"Visit date","loinc:76427-4"
"BB_dd","original dosage of beta blockers","FLOAT","mg",,,842,0,0,200,,,,,"atc:C07A","BETA BLOCKING AGENTS",21601665,"Dosage","snomed:260911001",4118853,"milligram","ucum:mg",8576,"Drug_Exposure","visit date",46235916,"Visit date","loinc:76427-4"
"BBdose","normalisation of beta blockers","FLOAT","percent",,,842,0,0,100,,,,,"atc:C07A","BETA BLOCKING AGENTS",21601665,"percentage target dose","icare:icv2000000042",2000000042,"percent","ucum:%",8554,"Drug_Exposure","visit date",46235916,"Visit date","loinc:76427-4"
"BMI","body mass index","FLOAT","kg/m2",,,842,0,15,63.8,,,,,"loinc:39156-5","Body mass index (BMI) [Ratio]",3038553,,,,"kilogram per square meter","ucum:kg/m2",9531,"Measurement","visit date",46235916,"Visit date","loinc:76427-4"
"CKD","History of chronic kidney disease","INT",,"0=no|1=yes",,842,0,,,,"loinc:LA32-8|loinc:LA33-6","No|Yes","45878245|45877994","snomed:709044004","Chronic kidney disease",46271022,,,,,,,"Observation","visit date",46235916,"Visit date","loinc:76427-4"
"Creatinine","creatinine","FLOAT","mg/dl",,,842,0,0.28,5.27,,,,,"loinc:2160-0","creatinine [mass/volume] in serum or plasma",3016723,,,,"milligram per deciliter","ucum:mg/dL",8840,"Measurement","visit date",46235916,"Visit date","loinc:76427-4"
"CysC","cystatin c","FLOAT","mg/L",,,842,0,0.62,6.36,,,,,"loinc:33863-2","Cystatin C [Mass/volume] in Serum or Plasma",3030366,,,,"milligram per liter","ucum:mg/L",8751,"Measurement","visit date",46235916,"Visit date","loinc:76427-4"
"date","date of visit","DATETIME",,,,842,0,,,,,,,"snomed:406543005","Date of visit",4231970,,,,,,,"visit_occurrence","visit date",46235916,"Visit date","loinc:76427-4"
"day_of_visit","visit from baseline in days","INT","days",,,842,0,0,1225,,,,,"icare:icv2000000048","days of visit",2000000048,,,,"day","ucum:d",8512,"Observation_Period","visit date",46235916,"Visit date","loinc:76427-4"
"DBP","diastolic blood pressure","INT","mmHg",,,842,0,42,115,,,,,"loinc:8462-4","Diastolic blood pressure",3012888,,,,"millimeter mercury column","ucum:mm[Hg]",8876,"Measurement","visit date",46235916,"Visit date","loinc:76427-4"
"DCM.HF","Dilated cardiomyopathy","INT",,"0=no|1=yes",,842,0,0,1,,"loinc:LA32-8|loinc:LA33-6","No|Yes","45878245|45877994","snomed:399020009","Dilated cardiomyopathy",4163710,,,,,,,"Observation","visit date",46235916,"Visit date","loinc:76427-4"
"death","death","INT",,"0=no|1=yes",,842,0,0,1,,"loinc:LA32-8|loinc:LA33-6","No|Yes","45878245|45877994","snomed:419620001","Death",4306655,,,,,,,"Measurement","visit date",46235916,"Visit date","loinc:76427-4"
"deathdays","number of days to death","INT","days",,,842,0,0,1111,,,,,"snomed:419620001","Death",4306655,"Time","snomed:410669006",4256606,"day","ucum:d",8512,"Observation_Period","visit date",46235916,"Visit date","loinc:76427-4"
"Diabetes","History of diabetes","INT",,"0=no|1=yes",,842,0,,,,"loinc:LA32-8|loinc:LA33-6","No|Yes","45878245|45877994","snomed:73211009","Diabetes mellitus",201820,,,,,,,"condition_occurrence","visit date",46235916,"Visit date","loinc:76427-4"
"Diuretics","diuretics","STR",,"torasemide=torasemide|furosemide=furosemide",,624,218,,,,"rxnorm:38413|rxnorm:4603","torasemide|furosemide","942350|956874","Atc:C03CA","""Sulfonamides, plain""",21601517,,,,,,,"Drug_Exposure","visit date",46235916,"Visit date","loinc:76427-4"
"Diuretics_dd","original dosage of diuretics","FLOAT","mg",,,842,0,0,100,,,,,"Atc:C03CA","""Sulfonamides, plain""",21601517,"Dosage","snomed:260911001",4118853,"milligram","ucum:mg",8576,"Drug_Exposure","visit date",46235916,"Visit date","loinc:76427-4"
"Edema","edema symptom severity","INT",,,,842,0,0,3,,,,,"snomed:423484008","Grade of edema",4313204,,,,,,,"Measurement","visit date",46235916,"Visit date","loinc:76427-4"
"eGFR","estimated glomerular filtration rate (CKD-EPI)","FLOAT","ml/min/1.73m2",,,842,0,9.8,193.8,,,,,"snomed:1011481000000105","eGFR (estimated glomerular filtration rate) using creatinine Chronic Kidney Disease Epidemiology Collaboration equation per 1.73 square metres",37393011,,,,"milliliter per minute per 1.73 square meter","ucum:mL/min/(173.10*-2.m2)",720870,"Observation","visit date",46235916,"Visit date","loinc:76427-4"
"Eosinophiles","eosinophiles","FLOAT","/nl",,,842,0,0,2.8,,,,,"loinc:26449-9","Eosinophils [#/volume] in Blood",3013115,,,,"per nanoliter","ucum:/nL",33117,"Measurement","visit date",46235916,"Visit date","loinc:76427-4"
"ep_hosp_HF","endpoint hospitalisation for heart failure","INT",,"0=no|1=yes",,842,0,0,1,,"loinc:LA32-8|loinc:LA33-6","No|Yes","45878245|45877994","cdisc:C25212","Study Endpoint",37538258,"Emergency hospital admission for heart failure","snomed:416683003",4215511,,,,"Measurement","visit date",46235916,"Visit date","loinc:76427-4"
"Fatigue","fatigue symptom severity","INT",,"0= no|1=mild|2=moderate|3=severe",,842,0,0,3,,"LOINC:LA32-8|snomed:255604002|snomed:1255665007|snomed:24484000","No|Mild|Moderate|Severe","45878245|4116992|37165778|4087703","snomed:84229001","Fatigue",4223659,"Symptom severity","snomed:162465004",4037113,,,,"Observation","visit date",46235916,"Visit date","loinc:76427-4"
"FU_hosp_HF","number of days to endpoint","INT","days",,,842,0,0,1202,,,,,"cdisc:C25212","Study Endpoint",37538258,"Time|Emergency hospital admission for heart failure","snomed:410669006|snomed:416683003","4256606|4215511","day","ucum:d",8512,"Observation_Period","visit date",46235916,"Visit date","loinc:76427-4"
"FU_hosp_HF_2","follow-up dates for WP5","INT",,,,148,694,1,1202,,,,,"cdisc:C25212","Study Endpoint",37538258,,,,,,,"Measurement","visit date",46235916,"Visit date","loinc:76427-4"
"GDF15","growth development factor 15","INT","pg/mL",,,748,94,400,15269,,,,,"loinc:92665-9","Growth and differentiation factor 15 [Mass/volume] in Serum or Plasma by Immunoassay",37020363,,,,"picogram per milliliter","ucum:pg/mL",8845,"Measurement","visit date",46235916,"Visit date","loinc:76427-4"
"GGT","gamma-glutamyl transferase (GGT)","FLOAT","U/l",,,842,0,7,676,,,,,"loinc:2324-2","Gamma glutamyl transferase [Enzymatic activity/volume] in Serum or Plasma",3026910,,,,"international unit per liter","ucum:[iU]/L",8923,"Measurement","visit date",46235916,"Visit date","loinc:76427-4"
"GLP1RA","Glucagon-like peptide 1 receptor agonist","STR",,"semaglutide=semaglutide|liraglutide=liraglutide|dulaglutide=dulaglutide",,7,835,,,,"rxnorm:1991302|rxnorm:475968|rxnorm:1551291","semaglutide|liraglutide|dulaglutide","793143|40170911|45774435","atc:A10BJ","Glucagon-like peptide-1 (GLP-1) analogues",1123618,,,,,,,"Drug_Exposure","visit date",46235916,"Visit date","loinc:76427-4"
"GLP1RA_dd","original dosage of GLP1-RA","FLOAT","mg",,,842,0,0,1.5,,,,,"atc:A10BJ","Glucagon-like peptide-1 (GLP-1) analogues",1123618,"Dosage","snomed:260911001",4118853,"milligram","ucum:mg",8576,"Drug_Exposure","visit date",46235916,"Visit date","loinc:76427-4"
"HADS.Anxiety","Hospital anxiety and depression scale: anxiety subscale","FLOAT",,,,396,446,0,18,,,,,"omop:OMOP5000505","Hospital anxiety and depression scale: anxiety subscale",40219540,,,,,,,"Observation","visit date",46235916,"Visit date","loinc:76427-4"
"HADS.Depression","Hosptial anxiety and depression scale: depression subscale","FLOAT",,,,396,446,0,20,,,,,"omop:OMOP5000419","Hospital anxiety and depression scale: depression subscale",40219458,,,,,,,"Observation","visit date",46235916,"Visit date","loinc:76427-4"
"HADS.SumScore","Hospital anxiety and depression scale summary score","FLOAT",,,,396,446,0,36,,,,,"omop:OMOP5000433","Hospital anxiety and depression scale",40219472,,,,,,,"Observation","visit date",46235916,"Visit date","loinc:76427-4"
"HbA1c","HbA1c","FLOAT","percent",,,814,28,3.7,9.9,,,,,"loinc:4548-4","Hemoglobin A1c/Hemoglobin.total in Blood",3004410,,,,"percent","ucum:%",8554,"Measurement","visit date",46235916,"Visit date","loinc:76427-4"
"HDLC","HDL-cholesterol","INT","mg/dl",,,835,7,23,132,,,,,"loinc:2085-9","Cholesterol in HDL [Mass/volume] in Serum or Plasma",3007070,,,,"milligram per deciliter","ucum:mg/dL",8840,"Measurement","visit date",46235916,"Visit date","loinc:76427-4"
"Height","height","FLOAT","cm",,,842,0,149,202,,,,,"loinc:8302-2","Body height",3036277,,,,"centimeter","ucum:cm",8582,"Measurement","visit date",46235916,"Visit date","loinc:76427-4"
"HF.First.Diagnosed","year that heart failure first diagnosed","DATETIME","dd/mm/yyyy",,,835,7,"01.01.1984","01.01.2021",,,,,"snomed:84114007","heart failure",316139,"date of diagnosis","loinc:63931-0",40766651,,,,"Observation","visit date",46235916,"Visit date","loinc:76427-4"
"HistoryofCABG","History of Coronary artery bypass graft surgery","INT",,"0=no|1=yes",,842,0,,,,"loinc:LA32-8|loinc:LA33-6","No|Yes","45878245|45877994","loinc:88654-9","History of Coronary artery bypass graft surgery",36305599,,,,,,,"procedure_occurrence","visit date",46235916,"Visit date","loinc:76427-4"
"HistoryCOPD","History of chronic obstructive pulmonary disorder","INT",,"0=no|1=yes",,842,0,,,,"loinc:LA32-8|loinc:LA33-6","No|Yes","45878245|45877994","snomed:13645005","Chronic obstructive pulmonary disease",255573,,,,,,,"condition_occurrence","visit date",46235916,"Visit date","loinc:76427-4"
"Historyofmyocardialinfarction","History of myocardial infarction","INT",,"0=no|1=yes",,842,0,,,,"loinc:LA32-8|loinc:LA33-6","No|Yes","45878245|45877994","snomed:22298006","Myocardial infarction",4329847,,,,,,,"condition_occurrence","visit date",46235916,"Visit date","loinc:76427-4"
"pacemakerICD","History of pacemaker/ICD","INT",,"0=no|1=yes",,842,0,,,,"loinc:LA32-8|loinc:LA33-6","No|Yes","45878245|45877994","snomed:14106009","Cardiac pacemaker",4030875,,,,,,,"procedure_occurrence","visit date",46235916,"Visit date","loinc:76427-4"
"HistoryofPCI","History of Percutaneous coronary intervention ","INT",,"0=no|1=yes",,842,0,,,,"loinc:LA32-8|loinc:LA33-6","No|Yes","45878245|45877994","loinc:88656-4","History of Percutaneous coronary intervention",36305755,,,,,,,"procedure_occurrence","visit date",46235916,"Visit date","loinc:76427-4"
"Historyofstroke","History of stroke","INT",,"0=no|1=yes",,842,0,,,,"loinc:LA32-8|loinc:LA33-6","No|Yes","45878245|45877994","loinc:LA12362-2","Stroke (CVA) or TIA",45881969,,,,,,,"condition_occurrence","visit date",46235916,"Visit date","loinc:76427-4"
"hsCRP","high sensitivity C reactive protein","FLOAT","mg/L",,,842,0,0.6,134.9,,,,,"loinc:30522-7","c reactive protein [mass/volume] in serum or plasma by high sensitivity method",3010156,,,,"milligram per liter","ucum:mg/L",8751,"Measurement","visit date",46235916,"Visit date","loinc:76427-4"
"hsTnT","high sensitivity troponin t","FLOAT","ng/mL",,,842,0,5,174.1,,,,,"loinc:89576-3","troponin t.cardiac panel - serum or plasma by high sensitivity method",36303871,,,,"nanogram per milliliter","ucum:ng/mL",8842,"Measurement","visit date",46235916,"Visit date","loinc:76427-4"
"Hypercholesterolemia","History of hypercholesterolemia","INT",,"0=no|1=yes",,842,0,,,,"loinc:LA32-8|loinc:LA33-6","No|Yes","45878245|45877994","snomed:13644009","Hypercholesterolemia",4029305,,,,,,,"condition_occurrence","visit date",46235916,"Visit date","loinc:76427-4"
"Hypertension","History of hypertension","INT",,"0=no|1=yes",,842,0,,,,"loinc:LA32-8|loinc:LA33-6","No|Yes","45878245|45877994","snomed:38341003","Hypertensive disorder",316866,,,,,,,"condition_occurrence","visit date",46235916,"Visit date","loinc:76427-4"
"ICM.HF","Ischemic cardiomyopathy ","INT",,"0=no|1=yes",,842,0,0,1,,"loinc:LA32-8|loinc:LA33-6","No|Yes","45878245|45877994","snomed:426856002","Ischemic congestive cardiomyopathy",4145696,,,,,,,"condition_occurrence","visit date",46235916,"Visit date","loinc:76427-4"
"IL6","interleukin 6","FLOAT","pg/mL",,,743,99,1.5,341.9,,,,,"loinc:26881-3","Interleukin 6 [Mass/volume] in Serum or Plasma",3023091,,,,"picogram per milliliter","ucum:pg/mL",8845,"Measurement","visit date",46235916,"Visit date","loinc:76427-4"
"KCCQ.PL","Kansas City Cardiomyopathy Questionnaire 12 physical limitation score","FLOAT",,,,396,446,0,100,,,,,"loinc:72195-1","Physical limitation score [KCCQ]",43054938,,,,,,,"Observation","visit date",46235916,"Visit date","loinc:76427-4"
"KCCQ.QoL","Kansas City Cardiomyopathy Questionnaire 12 quality of life score","FLOAT",,,,396,446,0,100,,,,,"loinc:72189-4","Quality of life score [KCCQ]",43054932,,,,,,,"Observation","visit date",46235916,"Visit date","loinc:76427-4"
"KCCQ.SF","Kansas City Cardiomyopathy Questionnaire 12 symptom frequency score","FLOAT",,,,396,446,0,100,,,,,"loinc:72193-6","Symptom frequency score [KCCQ]",43054936,,,,,,,"Observation","visit date",46235916,"Visit date","loinc:76427-4"
"KCCQ.SL","Kansas City Cardiomyopathy Questionnaire 12 social limitation score","FLOAT",,,,396,446,0,100,,,,,"loinc:72196-9","Social limitation score [KCCQ]",43054939,,,,,,,"Observation","visit date",46235916,"Visit date","loinc:76427-4"
"KCCQ.SumScore","Kansas City Cardiomyopathy Questionnaire Summary Score","FLOAT",,,,396,446,0,100,,,,,"loinc:86924-8","Overall summary score [KCCQ-12]",36303671,,,,,,,"Observation","visit date",46235916,"Visit date","loinc:76427-4"
"LDLC","LDL-cholesterol","INT","mg/dl",,,835,7,11,997,,,,,"loinc:2089-1","Cholesterol in LDL [Mass/volume] in Serum or Plasma",3028437,,,,"milligram per deciliter","ucum:mg/dL",8840,"Measurement","visit date",46235916,"Visit date","loinc:76427-4"
"Loopdose","normalisation of loop diuretics","FLOAT","percent",,,842,0,0,500,,,,,"Atc:C03CA","""Sulfonamides, plain""",21601517,"percentage target dose","icare:icv2000000042",2000000042,"percent","ucum:%",8554,"Drug_Exposure","visit date",46235916,"Visit date","loinc:76427-4"
"LVEF","left ventricular ejection fraction","INT","%",,,842,0,30,69,,,,,"snomed:250908004","Left ventricular ejection fraction",4108582,,,,"percent","ucum:%",8554,"Measurement","visit date",46235916,"Visit date","loinc:76427-4"
"LVEF_cat","heart failure type base on ejection fraction","STR",,"HFrEF=heart failure with reduced ejection fraction|HFpEF=heart failure with preserved ejection fraction|HFmrEF=heart failure with mildly reduced ejection fraction",,842,0,,,,"snomed:703272007|snomed:446221000|snomed:788950000","Heart failure with reduced ejection fraction|Heart failure with normal ejection fraction|Heart failure with mid range ejection fraction","45766164|40486933|37311948","snomed:84114007","heart failure",316139,"Type","snomed:410656007",4259643,,,,"condition_occurrence","visit date",46235916,"Visit date","loinc:76427-4"
"Lymphocytes","lymphocytes","FLOAT","/nl",,,842,0,,,,,,,"loinc:26474-7","Lymphocytes [#/volume] in Blood",3019198,,,,"per nanoliter","ucum:/nL",33117,"Measurement","visit date",46235916,"Visit date","loinc:76427-4"
"Metformin","metformin","INT",,"0=no|1=yes",,842,0,,,,"loinc:LA32-8|loinc:LA33-6","No|Yes","45878245|45877994","Rxnorm:6809","metformin",1503297,,,,,,,"Observation","visit date",46235916,"Visit date","loinc:76427-4"
"MoCA","Montreal Cognitive Assessment test","INT",,,,38,804,19,30,,,,,"loinc:72133-2","Montreal Cognitive Assessment [MoCA]",43054876,,,,,,,"Measurement","visit date",46235916,"Visit date","loinc:76427-4"
"MRA","mineralocorticoid receptor antagonist (MRA) ","STR",,"spironolactone=spironolactone|eplerenone=eplerenone",,590,252,,,,"rxnorm:9997|rxnorm:298869","spironolactone|eplerenone","970250|1309799","atc:C03DA","Aldosterone antagonists",21601533,,,,,,,"Drug_Exposure","visit date",46235916,"Visit date","loinc:76427-4"
"MRA_dd","original dosage of MRA","FLOAT","mg",,,842,0,0,50,,,,,"atc:C03DA","Aldosterone antagonists",21601533,"Dosage","snomed:260911001",4118853,"milligram","ucum:mg",8576,"Drug_Exposure","visit date",46235916,"Visit date","loinc:76427-4"
"MRAdose","normalisation of MRAs (spirolactone|eplerenone)","FLOAT","percent",,,842,0,0,100,,,,,"atc:C03DA","Aldosterone antagonists",21601533,"percentage target dose","icare:icv2000000042",2000000042,"percent","ucum:%",8554,"Drug_Exposure","visit date",46235916,"Visit date","loinc:76427-4"
"NT.pro.BNP","natriuretic peptide b prohormone","FLOAT","pg/mL",,,842,0,10,52610,,,,,"loinc:33762-6","Natriuretic peptide.B prohormone N-Terminal [Mass/volume] in Serum or Plasma",3029187,,,,"picogram per milliliter","ucum:pg/mL",8845,"Measurement","visit date",46235916,"Visit date","loinc:76427-4"
"NYHA","new york heart association","INT",,"1=Class I|2=Class II|3=Class III|4=Class IV",,842,0,1,4,,"snomed:420300004|snomed:421704003|snomed:420913000|snomed:422293003","New York Heart Association Classification - Class I| New York Heart Association Classification - Class II| New York Heart Association Classification - Class III| New York Heart Association Classification - Class IV","4220607|4226789|4227345|4228881","snomed:420816009","new york heart association classification",4223299,,,,,,,"Condition_occurrence","visit date",46235916,"Visit date","loinc:76427-4"
"Orthopnea","orthopnea symptom severity","INT",,,,842,0,0,3,,,,,"snomed:62744007","Orthopnea",315361,"Symptom severity","snomed:162465004",4037113,,,,"Observation","visit date",46235916,"Visit date","loinc:76427-4"
"Others.HF","other type of cardiomyopathy","INT",,"0=no|1=yes",,842,0,0,1,,"loinc:LA32-8|loinc:LA33-6","No|Yes","45878245|45877994","snomed:85898001","Cardiomyopathy",321319,"Other","snomed:74964007",9177,,,,"Observation","visit date",46235916,"Visit date","loinc:76427-4"
"patientid","patient identification number","STR",,,,842,0,,,,,,,"snomed:184107009","Patient hospital number",4086934,,,,,,,"Person","visit date",46235916,"Visit date","loinc:76427-4"
"Peripheralarterydisease","History of peripheral artery disease","INT",,"0=no|1=yes",,842,0,,,,"loinc:LA32-8|loinc:LA33-6","No|Yes","45878245|45877994","snomed:840580004","Peripheral arterial disease",3654996,,,,,,,"condition_occurrence","visit date",46235916,"Visit date","loinc:76427-4"
"PREA","prealbumin","FLOAT","g/l",,,842,0,0.09,0.46,,,,,"loinc:6793-4","Prealbumin [Mass/volume] in Serum or Plasma by Immunoassay",3017925,,,,"gram per liter","ucum:g/L",8636,"Measurement","visit date",46235916,"Visit date","loinc:76427-4"
"RASdose","normalisation of RAS inhibitors","FLOAT","percent",,,842,0,0,200,,,,,"atc:C09","AGENTS ACTING ON THE RENIN-ANGIOTENSIN SYSTEM",21601782,"Dosage","snomed:260911001",4118853,"percent","ucum:%",8554,"Drug_Exposure","visit date",46235916,"Visit date","loinc:76427-4"
"SBP","systolic blood pressure","INT","mmHg",,,842,0,80,180,,,,,"loinc:8480-6","Systolic blood pressure",3004249,,,,"millimeter mercury column","ucum:mm[Hg]",8876,"Measurement","visit date",46235916,"Visit date","loinc:76427-4"
"sex","sex","INT",,"0=male|1=female",,842,0,,,,"loinc:LA2-8|loinc:LA3-6","Male|Female","45880669|45878463","LOINC:76689-9","Sex assigned at birth",46235213,,,,,,,"Person","visit date",46235916,"Visit date","loinc:76427-4"
"SGLT2","sodium glucose cotransporter 2 inhibitors","STR",,"dapagliflozin=dapagliflozin|empagliflozin=empagliflozin",,407,435,,,,"rxnorm:1488564|rxnorm:1545653","dapagliflozin|empagliflozin","44785829|45774751","atc:A10BK","Sodium-glucose co-transporter 2 (SGLT2) inhibitors",1123627,,,,,,,"Drug_Exposure","visit date",46235916,"Visit date","loinc:76427-4"
"SGLT2_dd","original dosage of SGLT2 inhibitors","FLOAT","mg",,,842,0,0,10,,,,,"atc:A10BK","Sodium-glucose co-transporter 2 (SGLT2) inhibitors",1123627,"Dosage","snomed:260911001",4118853,"milligram","ucum:mg",8576,"Drug_Exposure","visit date",46235916,"Visit date","loinc:76427-4"
"SGLT2dose","normalisation of SGLT2","FLOAT","percent",,,842,0,0,100,,,,,"atc:A10BK","Sodium-glucose co-transporter 2 (SGLT2) inhibitors",1123627,"percentage target dose","icare:icv2000000042",2000000042,"percent","ucum:%",8554,"Drug_Exposure","visit date",46235916,"Visit date","loinc:76427-4"
"Smoker","smoking status","INT",,"0 = never|1=former|2=current smoker",,842,0,0,2,,"loinc:LA14458-6| loinc:LA15920-4| loinc:LA20356-4","Never smoked| Former smoker| Current smoker","45883537|45883458|36309332","snomed:1311000175101","Smoking assessment",761009,,,,,,,"Observation","visit date",46235916,"Visit date","loinc:76427-4"
"TCHOL","total cholesterol","INT","mg/dl",,,836,6,62,310,,,,,"loinc:2093-3","Cholesterol [Mass/volume] in Serum or Plasma",3027114,,,,"milligram per deciliter","ucum:mg/dL",8840,"Measurement","visit date",46235916,"Visit date","loinc:76427-4"
"TCM.HF","Takotsubo cardiomyopathy ","INT",,"0=no|1=yes",,842,0,0,1,,"loinc:LA32-8|loinc:LA33-6","No|Yes","45878245|45877994","snomed:441541008","Takotsubo cardiomyopathy",40479589,,,,,,,"condition_occurrence","visit date",46235916,"Visit date","loinc:76427-4"
"time_from_last_hosp","diference between day of visit and hospitalisation","INT","days",,,842,0,0,884,,,,,"cdisc:C25212","Study Endpoint",37538258,"Time","snomed:410669006",4256606,"day","ucum:d",8512,"Observation_Period","visit date",46235916,"Visit date","loinc:76427-4"
"Triglyceride","triglyceride","INT","mg/dl",,,832,10,33,997,,,,,"loinc:14927-8","Triglyceride [Moles/volume] in Serum or Plasma",3025839,,,,"milligram per deciliter","ucum:mg/dL",8840,"Measurement","visit date",46235916,"Visit date","loinc:76427-4"
"UACR","urine-albumin-creatine ratio","FLOAT",,,,191,651,2.3,1621.4,,,,,"loinc:9318-7","Albumin/Creatinine [Mass Ratio] in Urine",3034485,,,,,,,"Measurement","visit date",46235916,"Visit date","loinc:76427-4"
"Urea","urea","FLOAT","mg/dl",,,842,0,12,248,,,,,"loinc:22664-7","Urea [Moles/volume] in Serum or Plasma",3020779,,,,"milligram per deciliter","ucum:mg/dL",8840,"Measurement","visit date",46235916,"Visit date","loinc:76427-4"
"VCM.HF","Valvular cardiomyopathy","INT",,"0=no|1=yes",,842,0,0,1,,"loinc:LA32-8|loinc:LA33-6","No|Yes","45878245|45877994","snomed:471858004","Valvular cardiomyopathy",43020654,,,,,,,"condition_occurrence","visit date",46235916,"Visit date","loinc:76427-4"
"visit","number of months from baseline","INT","months",,,842,0,0,42,,,,,"icare:icv2000000049","months of visit",2000000049,,,,"month","ucum:mo",9580,"visit_occurrence","visit date",46235916,"Visit date","loinc:76427-4"
"WBC","white blood cell count","FLOAT","/nl",,,842,0,1,30.1,,,,,"snomed:767002","White blood cell count",4298431,,,,"per nanoliter","ucum:/nL",33117,"Measurement","visit date",46235916,"Visit date","loinc:76427-4"
"Weight","weight","FLOAT","kg",,,842,0,37,202,,,,,"loinc:29463-7","Body weight",3025315,,,,"kilogram","ucum:kg",9529,"Measurement","visit date",46235916,"Visit date","loinc:76427-4"
"X6.Min.Gehtest","6 minute walking test result","FLOAT","m",,,39,803,120,655,,,,,"snomed:1144649008","6 minute walk test distance",606289,,,,"meter","ucum:m",9546,"Measurement","visit date",46235916,"Visit date","loinc:76427-4"
