"source_study","target_study","source_var_name","target_var_name","source_var_label","target_var_label","class_label","match_label"
"aachen-hf","aric","Atrialfibrillation","atrial_fibrillation","History of atrial fibrillation","Atrial fibrillation","identical match",1
"aachen-hf","aric","age","age_at_visit_1","age at visit","AGE AT VISIT 1 (baseline)","identical match",0
"aachen-hf","aric","Smoker","stroke","smoking status","Stroke status","not applicable",0
"aachen-hf","aric","Smoker","symptomatic_coronary_heart_disease","smoking status","SYMPTOMATIC CORONARY HEART DISEASE","not applicable",0
"aachen-hf","aric","Smoker","drink_alcoholic_beverage_q90","smoking status","Alcohol (servings per week)","not applicable",0
"aachen-hf","aric","CKD","usual_of_hard_liquor_drinkswk_q19a","History of chronic kidney disease,","USUAL # OF HARD LIQUOR DRINKS/WK Q19A","not applicable",0
"aachen-hf","aric","diuretics","used_aspirincontaining_analgesics_at_visit_1_in_last_2_weeks_0no_1yes_based_on_2","Diuretics","Taking aspirin in last 2 weeks at Visit 1 baseline","not applicable",1
"aachen-hf","aric","Historyofstroke","stroke","History of stroke","Stroke status","partial match",1
"aachen-hf","aric","Historyofstroke","tia","History of stroke","Transient ischemic attack status","partial match",1
"aachen-hf","aric","BMI","body_mass_index_in_kgmm","body mass index","Body mass index (kg/m2)","identical match",1
"aachen-hf","aric","BMI","body_mass_index_in_kgm2","body mass index","Body mass index (kg/m2)","identical match",1
"aachen-hf","aric","Hypertension","carotid_bruits_q10","History of hypertension","Carotid stenosis","not applicable",0
"aachen-hf","aric","HistoryofCABG","stroke","History of Coronary artery bypass graft surgery","Stroke status","not applicable",0
"aachen-hf","aric","HistoryofCABG","symptomatic_coronary_heart_disease","History of Coronary artery bypass graft surgery","SYMPTOMATIC CORONARY HEART DISEASE","not applicable",1
"aachen-hf","aric","Peripheralarterydisease","rose_intermittent_claudication_def_3","History of peripheral artery disease","Intermittent claudication: symptom of peripheral artery disease","partial match",0
"aachen-hf","aric","Creatinine","creatinine_mgdl_q9","creatinine","Creatinine (mg/dL)","compatible match",1
"aachen-hf","aric","Creatinine","creatinine_mg_per_dl_dec_pt_req_q8","creatinine","Creatinine (mg/dL)","compatible match",1
"aachen-hf","aric","Creatinine","creatinine_serum_mgdl","creatinine","Creatinine (mg/dL)","compatible match",1
"aachen-hf","aric","Smoker","current_cigarette_smoker","Smoking status","CURRENT CIGARETTE SMOKER","partial match",1
"aachen-hf","aric","Smoker","current_smoker_flag","Smoking status","CURRENT CIGARETTE SMOKER","partial match",1
"aachen-hf","aric","Smoker","current_smoker","Smoking status","CURRENT CIGARETTE SMOKER","partial match",1
"aachen-hf","aric","Smoker","current_cigarette_smoker","Smoking status","CURRENT CIGARETTE SMOKER","partial match",1
"aachen-hf","aric","Diabetes","diabetes_w_fasting_glucose_cutpt126","History of diabetes","DIABETES with fasting glucose","identical match",1
"aachen-hf","aric","Diabetes","diabts22_using_chmb07126","History of diabetes","DIABETES using 126 mg/dL CGM Reading","identical match",1
"aachen-hf","aric","Diabetes","diabetes_using_lower_cutpoint_126_mgdl","History of diabetes","Diabetes fasting plasma glucose (FPG) of 126 mg/dL or higher","identical match",1
"aachen-hf","aric","Smoker","HDL-cholesterol","smoking status","RE-CALIBRATED HDL CHOL. in mg/dl","not applicable",0
"aachen-hf","aric","HDLC","HDL-cholesterol","HDL-cholesterol","RE-CALIBRATED HDL CHOL. in mg/dl","compatible match",1
"aachen-hf","aric","HDLC","hdl_cholestrerol_value_q3a","HDL-cholesterol","HDL cholesterol","compatible match",1
"aachen-hf","aric","HDLC","hdl_cholesterol_value_in_mgdl_q3a","HDL-cholesterol","HDL cholesterol","compatible match",1
"aachen-hf","aric","HDLC","hdl_cholesterol_value_q3a","HDL-cholesterol","HDL cholesterol","compatible match",1
"aachen-hf","aric","HDLC","hdlccholesterol_mgdl","HDL-cholesterol","HDLC-Cholesterol (mg/dL)","compatible match",1
"aachen-hf","aric","Height","standing_height_to_nearest_cm_q1","Height","Standing height (to the nearest cm)","identical match",1
"aachen-hf","aric","Height","standing_height_cm","Height","Standing height (cm)","identical match",1
"aachen-hf","aric","Historyofmyocardialinfarction","history_of_myocardial_infarction","History of myocardial infarction","HISTORY OF MYOCARDIAL INFARCTION","identical match",1
"aachen-hf","aric","LDLC","recalibrated_ldl_chol_in_mgdl","LDL-cholesterol","RE-CALIBRATED LDL CHOL. in mg/dl","compatible match",1
"aachen-hf","aric","LDLC","v2_recalculated_ldlc_in_mgdl","LDL-cholesterol","re-calculated LDL-C in mg/dl  at visit 2","not applicable",0
"aachen-hf","aric","LDLC","recalibrated_ldl_cholesterol_in_mgdl","LDL-cholesterol","Re-Calibrated LDL Cholesterol in mg/dL","compatible match",1
"aachen-hf","aric","LDLC","v4_recalculated_ldl_cholesterol","LDL-cholesterol","Recalculated LDL Cholesterol at visit 4","not applicable",0
"aachen-hf","aric","LDLC","ldlcccholesterol_calculated_mgdl","LDL-cholesterol","LDLCC-Cholesterol calculated (mg/dL)","compatible match",1
"aachen-hf","aric","LVEF","lvh_present_by_cornell_definition","left ventricular ejection fraction","Left ventricular hypertrophy","not applicable",1
"aachen-hf","aric","sex","sex_from_ftra22","sex","Participant gender(0=Female, 1=Male)","compatible match",1
"aachen-hf","aric","SBP","avg_systolic_mmhg","Systolic Blood pressure (sbp) at baseline recumbent position","systolic blood pressure","identical match",1
"aachen-hf","aric","Weight","weight_to_the_nearest_lb_q4","weight","WEIGHT TO THE NEAREST in LB","compatible match",1
"aachen-hf","aric","Weight","weight_to_nearest_lb_q1","weight","WEIGHT TO NEAREST in LB","compatible match",1
"aachen-hf","aric","Weight","weight_to_nearest_lb_q2","weight","WEIGHT TO NEAREST in lb","compatible match",1
"aachen-hf","aric","Weight","weight_kg","weight","Weight (kg)","identical match",1
"aachen-hf","aric","Fatigue","tia","fatigue symptom severity","Transient ischemic attack status","not applicable",1
"aachen-hf","aric","LVEF_cat","new_maternal_history_of_stroke","heart failure type base on ejection fraction,","Family history of stroke, Mother or Fathe","not applicable",0
"aachen-hf","aric","LVEF_cat","history_of_myocardial_infarction","heart failure type base on ejection fraction,","HISTORY OF MYOCARDIAL INFARCTION","not applicable",0
"aachen-hf","viennahf-register","BMI","BMI","left ventricular (LV) end-systolic volume index (ESVI) at baseline visit","body mass index","not applicable",0
"aachen-hf","viennahf-register","HbA1c","HbA1c","sex hormone-binding globulin (SHBG) at baseline","HBA1c","not applicable",0
"ADNI","NACC","APGEN1","NACCAPOE","first allele of the APOE gene","Combined genotype showing both alleles of the apolipoprotein E (APOE) gene","identical match",1
"ADNI","NACC","APGEN2","NACCAPOE","second allele of the APOE gene","Combined genotype showing both alleles of the apolipoprotein E (APOE) gene","identical match",1
"ADNI","NACC","PTID","NACCID","Participant ID","Subject ID number","identical match",1
"ADNI","NACC","ABETA","CSFABETA","A-beta 1-42 in CSF","Cerebrospinal fluid amyloid-beta 42 (CSF ABETA)","identical match",1
"ADNI","NACC","VISCODE","NACCVNUM","Visit code","UDS visit number (order)","identical match",1
"ADNI","NACC","Age","NACCAGE","Age","Age","identical match",1
"ADNI","NACC","PTGENDER","SEX","Participant Gender ( 1=Male;2=Female)","Subject 's sex","identical match",1
"ADNI","NACC","PTEDUCAT","EDUC","Education","Years of education","identical match",1
"ADNI","NACC","PTRACCAT","RACE","Race (1=American Indian or Alaskan Native; 2=Asian; 3=Native Hawaiian or Other Pacific Islander; 4=Black or African American; 5=White; 6=More than one race; 7=Unknown)","Race","identical match",1
"ADNI","NACC","PTMARRY","MARISTAT","Marital  status (1=Married; 2=Widowed; 3=Divorced; 4=Never married; 5=Unknown)","Marital status","identical match",1
"ADNI","NACC","FDG","FDGAD","Average FDG-PET (F-Fluorodeoxyglucose (FDG) PET) of angular, temporal, and posterior cingulate","FDG-PET pattern of AD","identical match",1
"ADNI","NACC","AV45","AMYLPET","Reference region - florbetapir mean of whole cerebellum. Regions defined by Freesurfer; see Jagust lab PDF on LONI for details","Abnormally elevated amyloid on PET","identical match",1
"ADNI","NACC","CDRSB","CDRSUM","Clinical Dementia Rating (CDR) Sum of Boxes.","CDR® sum of boxes","identical match",1
"ADNI","NACC","MMSE","NACCMMSE","Mini-Mental State Examination (MMSE)","Total MMSE score (using D-L-R-O-W)","identical match",1
"ADNI","NACC","DX","NACCETPR","Participant diagnosis","Primary etiologic diagnosis (MCI); impaired, not MCI; or dementia","identical match",1
"ADNI","NACC","MOCA","MOCATOTS","Montreal Cognitive Assessment (MoCA)","MoCA Total Raw Score ??uncorrected","identical match",1
"ADNI","NACC","PTAU","CSFPTAU","CSF PTAU (Cerebrospinal fluid (CSF) phosphorylated tau (p-tau)","Phosphorylated Tau Protein Measurement","identical match",1
"ADNI","AMED","PTID","ID","Participant ID","patient id","identical match",1
"ADNI","AMED","VISCODE","VISCOD","Visit code","Visit Number","identical match",1
"ADNI","AMED","Age","FHQAGE","Age","Age","identical match",1
"ADNI","AMED","PTGENDER","PTGENDER","Participant Gender ( 1=Male;2=Female)","Participant Gender","identical match",1
"ADNI","AMED","PTEDUCAT","PTEDUCAT","Education","Participant Education","identical match",1
"ADNI","AMED","PTMARRY","PTMARRY","Marital  status (1=Married; 2=Widowed; 3=Divorced; 4=Never married; 5=Unknown)","Participant Marital Status","identical match",1
"ADNI","AMED","VSHEIGHT","VSHEIGHT","Height","participant height","identical match",1
"ADNI","AMED","VSWEIGHT","VSWEIGHT","weight","participant weight","identical match",1
"ADNI","AMED","PTHOME","PTHOME","Type of Participant residence (1=House (owned or rented); 2=Condo/Co-op (owned); 3=Apartment (rented); 4=Mobile Home; 5=Retirement Community; 6=Assisted Living; 7=Skilled Nursing Facility; 8=Other (specify)","Type of Participant residence","identical match",1
"ADNI","AMED","MOTHAD","FHQMOMAD","If yes, did/does biological mother have Alzheimer's Disease (0=No;1=Yes)?","family history: dimentia mother","identical match",1
"ADNI","AMED","FATHAD","FHQDADAD","If yes, did/does biological father have Alzheimer's Disease? (0=No;1=Yes)","family history: dimentia father","identical match",1
"ADNI","AMED","MH15DRUG","EXABUSE","history of drug abuse (1=Yes; 0=No)","Does the participant have a history of alcohol or substance abuse or dependence within the past 2 years (DSM IV criteria)?","identical match",1
"ADNI","AMED","MH14ALCH","EXABUSE","history of alchol abuse (1=Yes; 0=No)","Does the participant have a history of alcohol or substance abuse or dependence within the past 2 years (DSM IV criteria)?","identical match",1
"ADNI","AMED","FDG","FDGPET score","Average FDG-PET (F-Fluorodeoxyglucose (FDG) PET) of angular, temporal, and posterior cingulate","Average FDG-PET score","identical match",1
"ADNI","EPAD","PTID","patient_id","Participant ID","Patient ID","identical match",1
"ADNI","EPAD","VISCODE","visit","Visit code","Visit Number","identical match",1
"ADNI","EPAD","PTGENDER","sex"," Participant Gender ( 1=Male;2=Female)","What is the sex of the subject?","identical match",1
"ADNI","EPAD","Age","age_years","Age","What is the subject's age?","identical match",1
"ADNI","EPAD","PTEDUCAT","years_education","Education","Number of years of formal education","identical match",1
"ADNI","EPAD","PTMARRY","marital_status","Marital  status (1=Married; 2=Widowed; 3=Divorced; 4=Never married; 5=Unknown)","Marital status","identical match",1
"ADNI","EPAD","PTETHCAT","ethnicity","Ethnicity (1=Hispanic or Latino; 2=Not Hispanic or Latino; 3=Unknown)","What is the ethnicity of the subject?","identical match",1
"ADNI","EPAD","APGEN1","APOE1","Genotype - Allele 1","Genotype - Allele 1","identical match",1
"ADNI","EPAD","APGEN2","APOE2","Genotype - Allele 1","Genotype - Allele 2","identical match",1
"ADNI","AMED","DX","BCPREDX","Participant diagnosis","Pre-visit Diagnosis","identical match",1
"ADNI","EPAD","DX","dementia_diagnosed","Participant diagnosis","Dementia diagnosed by the participant's physician?","identical match",1
"ADNI","EPAD","CDGLOBAL","cdr_global_score","Clinical Dementia Rating (CDR) scale (0.0=0.0;0.5=0.5;1.0=1.0;2.0=2.0;3.0=3.0)","Global CDR Score","identical match",1
"ADNI","EPAD","CDMEMORY","cdr_memory","Clinical Dementia Rating (CDR) Memory (0.0=0.0;0.5=0.5;1.0=1.0;2.0=2.0;3.0=3.0)","Memory","identical match",1
"ADNI","EPAD","CDORIENT","cdr_orientation","Clinical Dementia Rating (CDR) Orientation (0.0=0.0;0.5=0.5;1.0=1.0;2.0=2.0;3.0=3.0)","Orientation","identical match",1
"ADNI","EPAD","CDJUDGE","cdr_judgement","Clinical Dementia Rating (CDR) Judgment and problem solving (0.0=0.0;0.5=0.5;1.0=1.0;2.0=2.0;3.0=3.0)","Judgement and Problem Solving","identical match",1
"ADNI","EPAD","CDCOMMUN","cdr_community_affairs","Clinical Dementia Rating (CDR) Community affairs ","Community Affairs","identical match",1
"ADNI","EPAD","CDHOME","cdr_home_hobbies","Clinical Dementia Rating (CDR) Home and hobbies (0.0=0.0;0.5=0.5;1.0=1.0;2.0=2.0;3.0=3.0)","Home and Hobbies","identical match",1
"ADNI","EPAD","CDCARE","cdr_personal_care","Clinical Dementia Rating (CDR) Personal care (0.0=0.0;0.5=0.5;1.0=1.0;2.0=2.0;3.0=3.0)","Personal Care","identical match",1
"ADNI","EPAD","CDRSB","cdr_sum_of_box","Clinical Dementia Rating (CDR) Sum of Boxes.","CDR Sum of Boxes","identical match",1
"ADNI","AMED","CDGLOBAL","CDGLOBAL","Clinical Dementia Rating (CDR) scale (0.0=0.0;0.5=0.5;1.0=1.0;2.0=2.0;3.0=3.0)","Global CDR","identical match",1
"ADNI","AMED","CDMEMORY","CDMEMORY","Clinical Dementia Rating (CDR) Memory (0.0=0.0;0.5=0.5;1.0=1.0;2.0=2.0;3.0=3.0)","Score <!--Memory-->","identical match",1
"ADNI","AMED","CDORIENT","CDORIENT","Clinical Dementia Rating (CDR) Orientation (0.0=0.0;0.5=0.5;1.0=1.0;2.0=2.0;3.0=3.0)","Score <!--Orientation-->","identical match",1
"ADNI","AMED","CDJUDGE","CDJUDGE","Clinical Dementia Rating (CDR) Judgment and problem solving (0.0=0.0;0.5=0.5;1.0=1.0;2.0=2.0;3.0=3.0)","Score <!--Judgment and Problem Solving-->","identical match",1
"ADNI","AMED","CDCOMMUN","CDCOMMUN","Clinical Dementia Rating (CDR) Community affairs ","Score <!--Community Affairs-->","identical match",1
"ADNI","AMED","CDHOME","CDHOME","Clinical Dementia Rating (CDR) Home and hobbies (0.0=0.0;0.5=0.5;1.0=1.0;2.0=2.0;3.0=3.0)","Score <!--Home and Hobbies-->","identical match",1
"ADNI","AMED","CDCARE","CDCARE","Clinical Dementia Rating (CDR) Personal care (0.0=0.0;0.5=0.5;1.0=1.0;2.0=2.0;3.0=3.0)","Score <!--Personal Care-->","identical match",1
"ADNI","AMED","CDRSB","CDRSUM","Clinical Dementia Rating (CDR) Sum of Boxes.","Sum of Boxes","identical match",1
"ADNI","NACC","CDGLOBAL","CDRGLOB","Clinical Dementia Rating (CDR) scale (0.0=0.0;0.5=0.5;1.0=1.0;2.0=2.0;3.0=3.0)","Global CDR®","identical match",1
"ADNI","NACC","CDMEMORY","MEMORY","Clinical Dementia Rating (CDR) Memory (0.0=0.0;0.5=0.5;1.0=1.0;2.0=2.0;3.0=3.0)","Memory","identical match",1
"ADNI","NACC","CDORIENT","ORIENT","Clinical Dementia Rating (CDR) Orientation (0.0=0.0;0.5=0.5;1.0=1.0;2.0=2.0;3.0=3.0)","Orientation","identical match",1
"ADNI","NACC","CDJUDGE","JUDGMENT","Clinical Dementia Rating (CDR) Judgment and problem solving (0.0=0.0;0.5=0.5;1.0=1.0;2.0=2.0;3.0=3.0)","Judgment and problem-solving","identical match",1
"ADNI","NACC","CDCOMMUN","COMMUN","Clinical Dementia Rating (CDR) Community affairs ","Community affairs","identical match",1
"ADNI","NACC","CDHOME","HOMEHOBB","Clinical Dementia Rating (CDR) Home and hobbies (0.0=0.0;0.5=0.5;1.0=1.0;2.0=2.0;3.0=3.0)","Home and hobbies","identical match",1
"ADNI","NACC","CDCARE","PERSCARE","Clinical Dementia Rating (CDR) Personal care (0.0=0.0;0.5=0.5;1.0=1.0;2.0=2.0;3.0=3.0)","Personal care","identical match",1
"ADNI","NACC","CDRSB","CDRSUM","Clinical Dementia Rating (CDR) Sum of Boxes.","CDR® sum of boxes","identical match",1
"ADNI","EPAD","GDSATIS","gds_1"," Are you basically satisfied with your life? (1=Yes(0); 0=No(1)","Are you basically satisfied with your life?","identical match",1
"ADNI","EPAD","GDDROP","gds_2","Have you dropped many of your activities and interests?","Have you dropped many of your activities and interests?","identical match",1
"ADNI","EPAD","GDEMPTY","gds_3","Do you feel that your life is empty?","Do you feel that your life is empty?","identical match",1
"ADNI","EPAD","GDBORED","gds_4"," Do you often get bored? ","Do you often get bored?","identical match",1
"ADNI","EPAD","GDSPIRIT","gds_7","Are you in good spirits most of the time?","Are you in good spirits most of the time?","identical match",1
"ADNI","EPAD","GDAFRAID","gds_8","Are you afraid that something bad is going to happen to you?","Are you afraid that something bad is going to happen to you?","identical match",1
"ADNI","EPAD","GDHAPPY","gds_9","Do you feel happy most of the time?","Do you feel happy most of the time?","identical match",1
"ADNI","EPAD","GDHELP","gds_10","Do you often feel helpless?","Do you often feel helpless?","identical match",1
"ADNI","EPAD","GDHOME","gds_12","Do you prefer to stay at home, rather than going out and doing new things?","Do you prefer to stay at home, rather than going out and doing new things?","identical match",1
"ADNI","EPAD","GDMEMORY","gds_14"," Do you feel you have more problems with memory than most?","Do you feel you have more problems with memory than most?","identical match",1
"ADNI","EPAD","GDALIVE","gds_15"," Do you think its wonderful to be alive now?","Do you think it is wonderful to be alive now?","identical match",1
"ADNI","EPAD","GDWORTH","gds_17","Do you feel pretty worthless the way you are now?","Do you feel pretty worthless the way you are now?","identical match",1
"ADNI","EPAD","GDENERGY","gds_21","Do you feel full of energy?","Do you feel full of energy?","identical match",1
"ADNI","EPAD","GDHOPE","gds_22","Do you feel that your situation is hopeless?","Do you feel that your situation is hopeless?","identical match",1
"ADNI","EPAD","GDBETTER","gds_23","Do you think that most people are better off than you are?","Do you think that most people are better off than you are?","identical match",1
"ADNI","EPAD","GDTOTAL","gds_total","Geriatric Depression Scale (GDS)","Geriatric Depression Scale (GDS) Total Score","identical match",1
"ADNI","NACC","GDSATIS","SATIS"," Are you basically satisfied with your life? (1=Yes(0); 0=No(1)","Are you basically satisfied with your life?","identical match",1
"ADNI","NACC","GDDROP","DROPACT","Have you dropped many of your activities and interests?","Have you dropped many of your activities and interests?","identical match",1
"ADNI","NACC","GDEMPTY","EMPTY","Do you feel that your life is empty?","Do you feel that your life is empty?","identical match",1
"ADNI","NACC","GDBORED","BORED"," Do you often get bored? ","Do you often get bored?","identical match",1
"ADNI","NACC","GDSPIRIT","SPIRITS","Are you in good spirits most of the time?","Are you in good spirits most of the time?","identical match",1
"ADNI","NACC","GDAFRAID","AFRAID","Are you afraid that something bad is going to happen to you?","Are you afraid that something bad is going to happen to you?","identical match",1
"ADNI","NACC","GDHAPPY","HAPPY","Do you feel happy most of the time?","Do you feel happy most of the time?","identical match",1
"ADNI","NACC","GDHELP","HELPLESS","Do you often feel helpless?","Do you often feel helpless?","identical match",1
"ADNI","NACC","GDHOME","STAYHOME","Do you prefer to stay at home, rather than going out and doing new things?","Do you prefer to stay at home, rather than going out and doing new things?","identical match",1
"ADNI","NACC","GDMEMORY","MEMPROB","Do you feel you have more problems with memory than most?","Do you feel you have more problems with memory than most?","identical match",1
"ADNI","NACC","GDALIVE","WONDRFUL"," Do you think its wonderful to be alive now?","Do you think it is wonderful to be alive now?","identical match",1
"ADNI","NACC","GDWORTH","WRTHLESS","Do you feel pretty worthless the way you are now?","Do you feel pretty worthless the way you are now?","identical match",1
"ADNI","NACC","GDENERGY","ENERGY","Do you feel full of energy?","Do you feel full of energy?","identical match",1
"ADNI","NACC","GDHOPE","HOPELESS","Do you feel that your situation is hopeless?","Do you feel that your situation is hopeless?","identical match",1
"ADNI","NACC","GDBETTER","BETTER","Do you think that most people are better off than you are?","Do you think that most people are better off than you are?","identical match",1
"ADNI","NACC","GDTOTAL","NACCGDS","Geriatric Depression Scale (GDS)","Total GDS Score","identical match",1
"ADNI","AMED","GDSATIS","GDSATIS","Are you basically satisfied with your life? (1=Yes(0); 0=No(1)","1. Are you basically satisfied with your life?","identical match",1
"ADNI","AMED","GDDROP","GDDROP","Have you dropped many of your activities and interests?","2. Have you dropped many of your activities and interests?","identical match",1
"ADNI","AMED","GDEMPTY","GDEMPTY","Do you feel that your life is empty?","3. Do you feel that your life is empty?","identical match",1
"ADNI","AMED","GDBORED","GDBORED"," Do you often get bored? ","4. Do you often get bored?","identical match",1
"ADNI","AMED","GDSPIRIT","GDSPIRIT","Are you in good spirits most of the time?","5. Are you in good spirits most of the time?","identical match",1
"ADNI","AMED","GDAFRAID","GDAFRAID","Are you afraid that something bad is going to happen to you?","6. Are you afraid that something bad is going to happen to you?","identical match",1
"ADNI","AMED","GDHAPPY","GDHAPPY","Do you feel happy most of the time?","7. Do you feel happy most of the time?","identical match",1
"ADNI","AMED","GDHELP","GDHELP","Do you often feel helpless?","8. Do you often feel helpless?","identical match",1
"ADNI","AMED","GDHOME","GDHOME","Do you prefer to stay at home, rather than going out and doing new things?","9. Do you prefer to stay at home, rather than going out and doing new things?","identical match",1
"ADNI","AMED","GDMEMORY","GDMEMORY"," Do you feel you have more problems with memory than most?","10. Do you feel you have more problems with memory than most?","identical match",1
"ADNI","AMED","GDALIVE","GDALIVE"," Do you think its wonderful to be alive now?","11. Do you think its wonderful to be alive now?","identical match",1
"ADNI","AMED","GDWORTH","GDWORTH","Do you feel pretty worthless the way you are now?","12. Do you feel pretty worthless the way you are now?","identical match",1
"ADNI","AMED","GDENERGY","GDENERGY","Do you feel full of energy?","13. Do you feel full of energy?","identical match",1
"ADNI","AMED","GDHOPE","GDHOPE","Do you feel that your situation is hopeless?","14. Do you feel that your situation is hopeless?","identical match",1
"ADNI","AMED","GDBETTER","GDBETTER","Do you think that most people are better off than you are?","15. Do you think that most people are better off than you are?","identical match",1
"ADNI","AMED","GDTOTAL","GDTOTAL","Geriatric Depression Scale (GDS)","Total Score","identical match",1
"ADNI","AMED","ADAS11","TOTAL11","ADAS 11 (Alzheimer's Disease Assessment Scale 11-item)","ADAS Total 11","identical match",1
"ADNI","AMED","ADAS13","TOTAL13","ADAS 13 (Alzheimer's Disease Assessment Scale 13-item)","ADAS Total 13","identical match",1
"ADNI","NACC","FAQFINAN","BILLS","Functional Activities Questionnaire (FAQ) Writing checks, paying bills, balancing checkbook.","In the past four weeks, did the subject have any difficulty or need help with: Writing checks, paying bills, or balancing a checkbook","identical match",1
"ADNI","NACC","FAQFORM","TAXES","Functional Activities Questionnaire (FAQ) Assembling tax records, business affairs, or papers.","In the past four weeks, did the subject have any difficulty or need help with: Assembling tax records, business affairs, or other paper","identical match",1
"ADNI","NACC","FAQSHOP","SHOPPING","Functional Activities Questionnaire (FAQ) Shopping alone for clothes, household necessities, or groceries.","In the past four weeks, did the subject have any difficulty or need help with: Shopping alone for clothes, household necessities, or groceries","identical match",1
"ADNI","NACC","FAQGAME","GAMES","Functional Activities Questionnaire (FAQ) Playing a game of skill, working on a hobby.","In the past four weeks, did the subject have any difficulty or need help with: Playing a game of skill such as bridge or chess, working on a hobby","identical match",1
"ADNI","NACC","FAQBEVG","STOVE","Functional Activities Questionnaire (FAQ) Heating water, making a cup of coffee, turning off stove after use.","In the past four weeks, did the subject have any difficulty or need help with: Heating water, making a cup of coffee, turning off the stove","identical match",1
"ADNI","NACC","FAQMEAL","MEALPREP","Functional Activities Questionnaire (FAQ) Preparing a balanced meal.","In the past four weeks, did the subject have any difficulty or need help with: Preparing a balanced meal","identical match",1
"ADNI","NACC","FAQEVENT","EVENTS","Functional Activities Questionnaire (FAQ) Keeping track of current events.","In the past four weeks, did the subject have any difficulty or need help with: Keeping track of current events","identical match",1
"ADNI","NACC","FAQTV","PAYATTN","Functional Activities Questionnaire (FAQ) Paying attention to, understanding, discussing TV, book, magazine.","In the past four weeks, did the subject have any difficulty or need help with: Paying attention to and understanding a TV program, book, or magazine","identical match",1
"ADNI","NACC","FAQREM","REMDATES","Functional Activities Questionnaire (FAQ) Remembering appointments, family occasions, holidays, medications.","In the past four weeks, did the subject have any difficulty or need help with: Remembering appointments, family occasions, holidays, medications","identical match",1
"ADNI","NACC","FAQTRAVL","TRAVEL","Functional Activities Questionnaire (FAQ) Traveling out of neighborhood, driving, arranging to take buses.","In the past four weeks, did the subject have any difficulty or need help with: Traveling out of the neighborhood, driving, or arranging to take public transportation","identical match",1
"ADNI","AMED","FAQFINAN","FAQFINAN","Functional Activities Questionnaire (FAQ) Writing checks, paying bills, balancing checkbook.","1. Writing checks, paying bills, or balancing checkbook.","identical match",1
"ADNI","AMED","FAQFORM","FAQFORM","Functional Activities Questionnaire (FAQ) Assembling tax records, business affairs, or papers.","2. Assembling tax records, business affairs, or other papers.","identical match",1
"ADNI","AMED","FAQSHOP","FAQSHOP","Functional Activities Questionnaire (FAQ) Shopping alone for clothes, household necessities, or groceries.","3. Shopping alone for clothes, household necessities, or groceries.","identical match",1
"ADNI","AMED","FAQGAME","FAQGAME","Functional Activities Questionnaire (FAQ) Playing a game of skill, working on a hobby.","4. Playing a game of skill such as bridge or chess, working on a hobby.","identical match",1
"ADNI","AMED","FAQBEVG","FAQBEVG","Functional Activities Questionnaire (FAQ) Heating water, making a cup of coffee, turning off stove after use.","5. Heating water, making a cup of coffee, turing off the stove.","identical match",1
"ADNI","AMED","FAQMEAL","FAQMEAL","Functional Activities Questionnaire (FAQ) Preparing a balanced meal.","6. Preparing a balanced meal.","identical match",1
"ADNI","AMED","FAQEVENT","FAQEVENT","Functional Activities Questionnaire (FAQ) Keeping track of current events.","7. Keeping track of current events.","identical match",1
"ADNI","AMED","FAQTV","FAQTV","Functional Activities Questionnaire (FAQ) Paying attention to, understanding, discussing TV, book, magazine.","8. Paying attention to and understanding a TV program, book, or magazine.","identical match",1
"ADNI","AMED","FAQREM","FAQREM","Functional Activities Questionnaire (FAQ) Remembering appointments, family occasions, holidays, medications.","9. Remembering appointments, family occasions, holidays, medications.","identical match",1
"ADNI","AMED","FAQTRAVL","FAQTRAVL","Functional Activities Questionnaire (FAQ) Traveling out of neighborhood, driving, arranging to take buses.","10. Traveling out of the neighborhood, driving, or arranging to take public transportation.","identical match",1
"ADNI","AMED","FAQTOTAL","FAQTOTAL","Functional Activities Questionnaire (FAQ) Total Score.","Total Score","identical match",1
"ADNI","NACC","BNTTOTAL","BOSTON","Boston Naming Test (BNT) score","Boston Naming Test (30) ??Total score","identical match",1
"ADNI","NACC","CATANIMSC","ANIMALS","Verbal fluency tests (Semantic) Animal","Animals ??Total number of animals named in 60 seconds","identical match",1
"ADNI","NACC","CATVEGESC","VEG","Verbal fluency tests (Semantic) Vegetable or Fruits","Vegetable ??Total number of vegetables named in 60 seconds","identical match",1
"ADNI","AMED","CLOCKSCOR","CLOCKSCOR","Clock Drawing Test score","Total Score","identical match",1
"ADNI","NACC","HMONSET","ABRUPT","Modified Hachinski Ischemic Scale-NACC Version (MHIS-NACC) Abrupt onset (re: cognitive status).","Abrupt onset (re: cognitive status)","identical match",1
"ADNI","NACC","HMSTEPWS","STEPWISE","Modified Hachinski Ischemic Scale-NACC Version (MHIS-NACC) Stepwise deterioration (re: cognitive status).","Stepwise deterioration (re: cognitive status)","identical match",1
"ADNI","NACC","HMSOMATC","SOMATIC","Modified Hachinski Ischemic Scale-NACC Version (MHIS-NACC) Somatic complaints.","Somatic complaints","identical match",1
"ADNI","NACC","HMEMOTIO","EMOT","Modified Hachinski Ischemic Scale-NACC Version (MHIS-NACC) Emotional incontinence.","Emotional incontinence","identical match",1
"ADNI","NACC","HMHYPERT","HXHYPER","Modified Hachinski Ischemic Scale-NACC Version (MHIS-NACC) History or presence of hypertension.","History or presence of hypertension","identical match",1
"ADNI","NACC","HMSTROKE","HXSTROKE","Modified Hachinski Ischemic Scale-NACC Version (MHIS-NACC) History of stroke.","History of stroke","identical match",1
"ADNI","NACC","HMNEURSM","FOCLSYM","Modified Hachinski Ischemic Scale-NACC Version (MHIS-NACC) Focal neurological symptoms.","Focal neurological symptoms","identical match",1
"ADNI","NACC","HMNEURSG","FOCLSIGN","Modified Hachinski Ischemic Scale-NACC Version (MHIS-NACC) Focal neurological signs.","Focal neurological signs","identical match",1
"ADNI","NACC","HMSCORE","HACHIN","Modified Hachinski Ischemic Scale-NACC Version (MHIS-NACC) Sum all circled answers for a total score.","Hachinski ischemic score","identical match",1
"ADNI","AMED","HMONSET","HMONSET","Modified Hachinski Ischemic Scale-NACC Version (MHIS-NACC) Abrupt onset (re: cognitive status).","Abrupt Onset of Dementia","identical match",1
"ADNI","AMED","HMSTEPWS","HMSTEPWS","Modified Hachinski Ischemic Scale-NACC Version (MHIS-NACC) Stepwise deterioration (re: cognitive status).","Stepwise Deterioration of Dementia","identical match",1
"ADNI","AMED","HMSOMATC","HMSOMATC","Modified Hachinski Ischemic Scale-NACC Version (MHIS-NACC) Somatic complaints.","Somatic Complaints","identical match",1
"ADNI","AMED","HMEMOTIO","HMEMOTIO","Modified Hachinski Ischemic Scale-NACC Version (MHIS-NACC) Emotional incontinence.","Emotional Incontinence","identical match",1
"ADNI","AMED","HMHYPERT","HMHYPERT","Modified Hachinski Ischemic Scale-NACC Version (MHIS-NACC) History or presence of hypertension.","History of Hypertension","identical match",1
"ADNI","AMED","HMSTROKE","HMSTROKE","Modified Hachinski Ischemic Scale-NACC Version (MHIS-NACC) History of stroke.","History of Stroke","identical match",1
"ADNI","AMED","HMNEURSM","HMNEURSM","Modified Hachinski Ischemic Scale-NACC Version (MHIS-NACC) Focal neurological symptoms.","Focal Neurologic Symptoms","identical match",1
"ADNI","AMED","HMNEURSG","HMNEURSG","Modified Hachinski Ischemic Scale-NACC Version (MHIS-NACC) Focal neurological signs.","Focal Neurologic Signs","identical match",1
"ADNI","AMED","HMSCORE","HMSCOR","Modified Hachinski Ischemic Scale-NACC Version (MHIS-NACC) Sum all circled answers for a total score.",,"identical match",1
"ADNI","NACC","TRAASCOR","TRAILA","Trail Making Test (TMT) A","Trail Making Test Part A ??Total number of seconds to complete","identical match",1
"ADNI","NACC","TRABSCOR","TRAILB","Trail Making Test (TMT) B","Trail Making Test Part B ??Total number of seconds to complete","identical match",1
"ADNI","NACC","DSPANFOR","DIGIF","Digit Span Test (Forward)","Digit span forward trials correct","identical match",1
"ADNI","NACC","DSPANBAC","DIGIB","Digit Span Test (Backward)","Digit span backward trials correct","identical match",1
"ADNI","AMED","TRAASCOR","TRAASCOR","Trail Making Test (TMT) A","Trail Making Test (TMT) A","identical match",1
"ADNI","AMED","TRABSCOR","TRABSCOR","Trail Making Test (TMT) B","Trail Making Test (TMT) B","identical match",1
"ADNI","NACC","BCDEPRES","DEP2YRS","Depression","Active depression in the last two years","identical match",1
"ADNI","NACC","BCSTROKE","CBSTROKE","Stroke","Stroke","identical match",1
"ADNI","AMED","BCDEPRES","BCDEPRES","Depression","Clinically relevant depression based on clinical judgement or GDS?","identical match",1
"ADNI","AMED","BCSTROKE","BCSTROKE","Stroke","Did subject have a stroke?","identical match",1
"ADNI","EPAD","BCDEPRES","medical_history_term","Depression","Medical History Term","identical match",1
"ADNI","EPAD","BCSTROKE","medical_history_term","Stroke","Medical History Term","identical match",1
"ADNI","EPAD","DXPARK","high_level_group_term","Parkinson Disease","High Level Group Term","identical match",1
"ADNI","NACC","DXPARK","PD","Parkinson Disease","Parkinson 's disease (PD)","identical match",1
"ADNI","NACC","EXPSYCH","BIPOLAR","bipolar or Schizophrenia","Bipolar disorder","identical match",1
"ADNI","NACC","EXPSYCH","SCHIZ","bipolar or Schizophrenia","Schizophrenia","identical match",1
"ADNI","NACC","AXT117","THYROID","Thyroid","Thyroid disease","identical match",1
"ADNI","NACC","BCVISION","VISION","Vision","Without corrective lenses, is the subject 's vision functionally normal?","identical match",1
"ADNI","NACC","PXHEART","CVCHF","Heart Condition","Congestive heart failure","identical match",1
"ADNI","NACC","PREHEART","HRATE","Heart Rate","Subject resting heart rate (pulse)","identical match",1
"ADNI","EPAD","PXHEART","heart_abnormal_findings","Heart Condition","Heart - Abnormal Findings","identical match",1
"ADNI","EPAD","PREHEART","heart_results","Heart Rate","Heart - Results","identical match",1
"ADNI","EPAD","BCABDOMN","abdomen_results","Abdominal Discomfort","Abdomen - Results","identical match",1
"ADNI","EPAD","BCCOUGH","psqi_item5_e","Coughing","5e. Cough or snore loudly","identical match",1
"ADNI","EPAD","BCMUSCLE","musculoskeletal_results","Musculoskeletal Pain","Musculoskeletal - Results","identical match",1
"ADNI","NACC","BCINSOMN","INSOMN","Insomnia","Hyposomnia/insomnia history reported at Initial Visit","identical match",1
"ADNI","NACC","MHPSYCH","PSYCDIS","Psychiatric","Other psychiatric disorder","identical match",1
"ADNI","NACC","MH4CARD","CVOTHR","Cardiovascular","Other cardiovascular disease","identical match",1
"ADNI","EPAD","PTAU","ptau_result","CSF PTAU (Cerebrospinal fluid (CSF) phosphorylated tau (p-tau)","amount of phosphorylated Tau protein present in a sample","identical match",1
"ADNI","EPAD","TAU","ttau_result","CSF TAU (Is a quantification of total tau protein, a biomarker for Alzheimer's diseas)","Is a quantification of total tau protein, a biomarker for Alzheimer's disease.","identical match",1
"ADNI","EPAD","ABETA","abeta_1_42_result","A-beta 1-42 in CSF","The determination of the amount of the 1-42 amino acid beta amyloid protein isoform present in a sample.","identical match",1
"ADNI","NACC","ST24CV","LENT","Volume (Cortical Parcellation) of Left Entorhinal","Left entorhinal gray matter volume (cc)","identical match",1
"ADNI","NACC","ST83CV","RENT","Volume (Cortical Parcellation) of Right Entorhinal","Right entorhinal gray matter volume (cc)","identical match",1
"ADNI","NACC","ST26CV","LFUS","Volume (Cortical Parcellation) of Left Fusiform","Left fusiform gray matter volume (cc)","identical match",1
"ADNI","NACC","ST85CV","RFUS","Volume (Cortical Parcellation) of right Fusiform","Right fusiform gray matter volume (cc)","identical match",1
"ADNI","NACC","ST40CV","LMIDTEMP","Volume (Cortical Parcellation) of Left MiddleTemporal","Left middle temporal gray matter volume (cc)","identical match",1
"ADNI","NACC","ST99CV","RMIDTEMP","Volume (Cortical Parcellation) of Right MiddleTemporal","Right middle temporal gray matter volume (cc)","identical match",1
"ADNI","NACC","ST107CV","RPERCAL","Volume (Cortical Parcellation) of Right Pericalcarine","Right pericalcarine gray matter volume (cc)","identical match",1
"ADNI","NACC","ST110CV","RPRECEN","Volume (Cortical Parcellation) of Right Precentral","Right precentral gray matter volume (cc)","identical match",1
"ADNI","NACC","ST114CV","RROSMF","Volume (Cortical Parcellation) of Right Rostral Middle Frontal","Right rostral middle frontal gray matter volume (cc)","identical match",1
"ADNI","NACC","ST116CV","RSUPPAR","Volume (Cortical Parcellation) of Right Superior Parietal","Right superior parietal gray matter volume (cc)","identical match",1
"ADNI","NACC","ST118CV","RSUPMAR","Volume (Cortical Parcellation) of Right Supramarginal","Right supramarginal gray matter volume (cc)","identical match",1
"ADNI","NACC","ST130CV","RINSULA","Volume (Cortical Parcellation) of RightInsula","Right insula gray matter volume (cc)","identical match",1
"ADNI","NACC","ST32CV","LINFTEMP","Volume (Cortical Parcellation) of Left Inferior Temporal","Left inferior temporal gray matter volume (cc)","identical match",1
"ADNI","NACC","ST39CV","LMEDORBF","Volume (Cortical Parcellation) of Left Medial Orbitofrontal","Left medial orbitofrontal gray matter volume (cc)","identical match",1
"ADNI","NACC","ST48CV","LPERCAL","Volume (Cortical Parcellation) of Left Perical carine","Left pericalcarine gray matter volume (cc)","identical match",1
"ADNI","NACC","ST51CV","LPRECEN","Volume (Cortical Parcellation) of Left Precentral","Left precentral gray matter volume (cc)","identical match",1
"ADNI","NACC","ST55CV","LROSMF","Volume (Cortical Parcellation) of Left Rostral Middle Frontal","Left rostral middle frontal gray matter volume (cc)","identical match",1
"ADNI","NACC","ST59CV","LSUPMAR","Volume (Cortical Parcellation) of Left Supramarginal","Left supramarginal gray matter volume (cc)","identical match",1
"ADNI","NACC","ST91CV","RINFTEMP","Volume (Cortical Parcellation) of Right Inferior Temporal","Right inferior temporal gray matter volume (cc)","identical match",1
"ADNI","NACC","ST98CV","RMEDORBF","Volume (Cortical Parcellation) of Right Medial Orbitofrontal","Right medial orbitofrontal gray matter volume (cc)","identical match",1
"ADNI","NACC","ST57CV","LSUPPAR","Volume (Cortical Parcellation) of Left Superior Parietal","Left superior parietal gray matter volume (cc)","identical match",1
"ADNI","NACC","ST108CV","RPOSCEN","Volume (Cortical Parcellation) of Right Postcentral","Right postcentral gray matter volume (cc)","identical match",1
"ADNI","NACC","ST115CV","RSUPFR","Volume (Cortical Parcellation) of Right Superior Frontat","Right superior frontal gray matter volume (cc)","identical match",1
"ADNI","NACC","ST117CV","RSUPTEM","Right Superior Temporal Volume","Right superior temporal gray matter volume (cc)","identical match",1
"ADNI","NACC","ST129CV","LINSULA","Volume (Cortical Parcellation) Left Insula","Left insula gray matter volume (cc)","identical match",1
"ADNI","NACC","ST31CV","LINFPAR","Volume (Cortical Parcellation) of  Left Inferior Parietal ","Left inferior parietal gray matter volume (cc)","identical match",1
"ADNI","NACC","ST35CV","LLATOCC","Volume (Cortical Parcellation) of Left Lateral Occipital","Left lateral occipital gray matter volume (cc)","identical match",1
"ADNI","NACC","ST38CV","LLING","Volume (Cortical Parcellation)  Left Lingual","Left lingual gray matter volume (cc)","identical match",1
"ADNI","NACC","ST43CV","LPARCEN","Volume (Cortical Parcellation) of Left Paracentral","Left paracentral gray matter volume (cc)","identical match",1
"ADNI","NACC","ST49CV","LPOSCEN","Volume (Cortical Parcellation) of Left Postcentral","Left postcentral gray matter volume (cc)","identical match",1
"ADNI","NACC","ST56CV","LSUPFR","Volume (Cortical Parcellation) of Left Superior Frontal","Left superior frontal gray matter volume (cc)","identical match",1
"ADNI","NACC","ST58CV","LSUPTEM","Volume (Cortical Parcellation) of Left Superior Temporal","Left superior temporal gray matter volume (cc)","identical match",1
"ADNI","NACC","ST90CV","RINFPAR","Volume (Cortical Parcellation) of Right Inferior Parietal","Right inferior parietal gray matter volume (cc)","identical match",1
"ADNI","NACC","ST94CV","RLATOCC","Volume (Cortical Parcellation) of Right Lateral Occipital","Right lateral occipital gray matter volume (cc)","identical match",1
"ADNI","NACC","ST97CV","RLING","Volume (Cortical Parcellation) of  Right Lingual","Right lingual gray matter volume (cc)","identical match",1
"ADNI","NACC","ST45CV","LPARSOP","Volume (Cortical Parcellation) of  Left Pars Opercularis","Left pars opercularis gray matter volume (cc)","identical match",1
"ADNI","NACC","ST104CV","RPARSOP","Volume (Cortical Parcellation) of  Right Pars Opercularis","Right pars opercularis gray matter volume (cc)","identical match",1
"ADNI","NACC","ST46CV","LPARORB","Volume (Cortical Parcellation) of  Left Pars Orbitalis","Left pars orbitalis gray matter volume (cc)","identical match",1
"ADNI","NACC","ST105CV","RPARORB","Volume (Cortical Parcellation) of  Right Pars Orbitalis ","Right pars orbitalis gray matter volume (cc)","identical match",1
"ADNI","NACC","ST47CV","LPARTRI","Volume (Cortical Parcellation) of  Left Pars Triangularis","Left pars triangularis gray matter volume (cc)","identical match",1
"ADNI","NACC","ST106CV","RPARTRI","Volume (Cortical Parcellation) of  Right Pars Triangularis","Right pars triangularis gray matter volume (cc)","identical match",1
"ADNI","NACC","ST50CV","LPOSCIN","Volume (Cortical Parcellation) of Left Posterior Cingulate","Left posterior cingulate gray matter volume (cc)","identical match",1
"ADNI","NACC","ST109CV","RPOSCIN","Volume (Cortical Parcellation) of Right Posterior Cingulate","Right posterior cingulate gray matter volume (cc)","identical match",1
"ADNI","NACC","ST54CV","LROSANC","Volume (Cortical Parcellation) of Left Rostral Anterior Cingulate","Left rostral anterior cingulate gray matter volume (cc)","identical match",1
"ADNI","NACC","ST113CV","RROSANC","Volume (Cortical Parcellation) of Right Rostral Anterior Cingulate","Right rostral anterior cingulate gray matter volume (cc)","identical match",1
"ADNI","NACC","ST7SV","CSFVOL","Volume (WM Parcellation) of Csf","Total brain cerebrospinal fluid volume (cc)","identical match",1
"ADNI","NACC","ST14TA","LCACM","Cortical Thickness Average of Left Caudal Anterior Cingulate","Left caudal anterior cingulate mean cortical thickness (mm)","identical match",1
"ADNI","NACC","ST73TA","RCACM","Cortical Thickness Average of Right Caudal Anterior Cingulate","Right caudal anterior cingulate mean cortical thickness (mm)","identical match",1
"ADNI","NACC","ST15TA","LCMFM","Cortical Thickness Average of Left Caudal Middle Frontal","Left caudal middle frontal mean cortical thickness (mm)","identical match",1
"ADNI","NACC","ST23TA","LCUNM","Cortical Thickness Average of Left Cuneus","Left cuneus mean cortical thickness (mm)","identical match",1
"ADNI","NACC","ST82TA","RCUNM","Cortical Thickness Average of Right Cuneus","Right cuneus mean cortical thickness (mm)","identical match",1
"ADNI","NACC","ST24TA","LENTM","Cortical Thickness Average of Left Entorightinal ","Left entorhinal mean cortical thickness (mm)","identical match",1
"ADNI","NACC","ST83TA","RENTM","Cortical Thickness Average of  Right Entorightinal","Right entorhinal mean cortical thickness (mm)","identical match",1
"ADNI","NACC","ST26TA","LFUSM","Cortical Thickness Average of  Left Fusiform","Left fusiform mean cortical thickness (mm)","identical match",1
"ADNI","NACC","ST85TA","RFUSM","Cortical Thickness Average of Right Fusiform ","Right fusiform mean cortical thickness (mm)","identical match",1
"ADNI","NACC","ST31TA","LINFPARM","Cortical Thickness Average of Left Inferiorparietal ","Left inferior parietal mean cortical thickness (mm)","identical match",1
"ADNI","NACC","ST90TA","RINFPARM","Cortical Thickness Average of Right Inferiorparietal ","Right inferior parietal mean cortical thickness (mm)","identical match",1
"ADNI","NACC","ST32TA","LINFTEMM","Cortical Thickness Average of Left Inferiortemporal ","Left inferior temporal mean cortical thickness (mm)","identical match",1
"ADNI","NACC","ST91TA","RINFTEMM","Cortical Thickness Average of Right Inferiortemporal ","Right inferior temporal mean cortical thickness (mm)","identical match",1
"ADNI","NACC","ST129TA","LINSULAM","Cortical Thickness Average of Left Insula ","Left insula mean cortical thickness (mm)","identical match",1
"ADNI","NACC","ST130TA","RINSULAM","Cortical Thickness Average of Right Insula ","Right insula mean cortical thickness (mm)","identical match",1
"ADNI","NACC","ST34TA","LISTHCM","Cortical Thickness Average of Left Isthmus Cingulate ","Left isthmus cingulate mean cortical thickness (mm)","identical match",1
"ADNI","NACC","ST93TA","RISTHCM","Cortical Thickness Average of Right Isthmus Cingulate ","Right isthmus cingulate mean cortical thickness (mm)","identical match",1
"ADNI","NACC","ST35TA","LLATOCCM","Cortical Thickness Average of Left Lateraloccipital ","Left lateral occipital mean cortical thickness (mm)","identical match",1
"ADNI","NACC","ST94TA","RLATOCCM","Cortical Thickness Average of Right Lateraloccipital ","Right lateral occipital mean cortical thickness (mm)","identical match",1
"ADNI","NACC","ST95TA","LLATORBM","Cortical Thickness Average of Left Lateralorbitofrontal ","Left lateral orbitofrontal mean cortical thickness (mm)","identical match",1
"ADNI","NACC","ST36TA","RLATORBM","Cortical Thickness Average of Right Lateralorbitofrontal ","Right lateral orbitofrontal mean cortical thickness (mm)","identical match",1
"ADNI","NACC","ST38TA","LLINGM","Cortical Thickness Average of Left Lingual ","Left lingual mean cortical thickness (mm)","identical match",1
"ADNI","NACC","ST97TA","RLINGM","Cortical Thickness Average of Right Lingual ","Right lingual mean cortical thickness (mm)","identical match",1
"ADNI","NACC","ST39TA","LMEDORBM","Cortical Thickness Average of Left Medial Orbitofrontal ","Left medial orbitofrontal mean cortical thickness (mm)","identical match",1
"ADNI","NACC","ST98TA","RMEDORBM","Cortical Thickness Average of Right Medial Orbitofrontal ","Right medial orbitofrontal mean cortical thickness (mm)","identical match",1
"ADNI","NACC","ST40TA","LMIDTEMM","Cortical Thickness Average of Left Middle Temporal ","Left middle temporal mean cortical thickness (mm)","identical match",1
"ADNI","NACC","ST99TA","RMIDTEMM","Cortical Thickness Average of Right Middle Temporal ","Right middle temporal mean cortical thickness (mm)","identical match",1
"ADNI","NACC","ST43TA","LPARCENM","Cortical Thickness Average of Left Paracentral ","Left paracentral mean cortical thickness (mm)","identical match",1
"ADNI","NACC","ST102TA","RPARCENM","Cortical Thickness Average of Right Paracentral ","Right paracentral mean cortical thickness (mm)","identical match",1
"ADNI","NACC","ST44TA","LPARHIPM","Cortical Thickness Average of Left Parahippocampal ","Left parahippocampal mean cortical thickness (mm)","identical match",1
"ADNI","NACC","ST103TA","RPARHIPM","Cortical Thickness Average of Right Parahippocampal ","Right parahippocampal mean cortical thickness (mm)","identical match",1
"ADNI","NACC","ST45TA","LPARSOPM","Cortical Thickness Average of Left Pars Opercularis ","Left pars opercularis mean cortical thickness (mm)","identical match",1
"ADNI","NACC","ST104TA","RPARSOPM","Cortical Thickness Average of Right Pars Opercularis ","Right pars opercularis mean cortical thickness (mm)","identical match",1
"ADNI","NACC","ST46TA","LPARORBM","Cortical Thickness Average of Left Parsorbitalis ","Left pars orbitalis mean cortical thickness (mm)","identical match",1
"ADNI","NACC","ST105TA","RPARORBM","Cortical Thickness Average of Right Parsorbitalis ","Right pars orbitalis mean cortical thickness (mm)","identical match",1
"ADNI","NACC","ST47TA","LPARTRIM","Cortical Thickness Average of Left Pars Triangularis ","Left pars triangularis mean cortical thickness (mm)","identical match",1
"ADNI","NACC","ST106TA","RPARTRIM","Cortical Thickness Average of Right Pars Triangularis ","Right pars triangularis mean cortical thickness (mm)","identical match",1
"ADNI","NACC","ST48TA","LPERCALM","Cortical Thickness Average of Left Pericalcarine ","Left pericalcarine mean cortical thickness (mm)","identical match",1
"ADNI","NACC","ST107TA","RPERCALM","Cortical Thickness Average of Right Pericalcarine ","Right pericalcarine mean cortical thickness (mm)","identical match",1
"ADNI","NACC","ST49TA","LPOSCENM","Cortical Thickness Average of Left Postcentral ","Left postcentral mean cortical thickness (mm)","identical match",1
"ADNI","NACC","ST108TA","RPOSCENM","Cortical Thickness Average of Right Postcentral ","Right postcentral mean cortical thickness (mm)","identical match",1
"ADNI","NACC","ST50TA","LPOSCINM","Cortical Thickness Average of Left Posterior Cingulate ","Left posterior cingulate mean cortical thickness (mm)","identical match",1
"ADNI","NACC","ST109TA","RPOSCINM","Cortical Thickness Average of Right Posterior Cingulate ","Right posterior cingulate mean cortical thickness (mm)","identical match",1
"ADNI","NACC","ST51TA","LPRECENM","Cortical Thickness Average of Left Precentral ","Left precentral mean cortical thickness (mm)","identical match",1
"ADNI","NACC","ST110TA","RPRECENM","Cortical Thickness Average of Right Precentral ","Right precentral mean cortical thickness (mm)","identical match",1
"ADNI","NACC","ST52TA","LPRECUNM","Cortical Thickness Average of Left Precuneus ","Left precuneus mean cortical thickness (mm)","identical match",1
"ADNI","NACC","ST111TA","RPRECUNM","Cortical Thickness Average of Right Precuneus ","Right precuneus mean cortical thickness (mm)","identical match",1
"ADNI","NACC","ST54TA","LROSANCM","Cortical Thickness Average of Left Rostral Anterior Cingulate ","Left rostral anterior cingulate mean cortical thickness (mm)","identical match",1
"ADNI","NACC","ST113TA","RROSANCM","Cortical Thickness Average of Right Rostral Anterior Cingulate ","Right rostral anterior cingulate mean cortical thickness (mm)","identical match",1
"ADNI","NACC","ST55TA","LROSMFM","Cortical Thickness Average of Left Rostral Middle Frontal ","Left rostral middle frontal mean cortical thickness (mm)","identical match",1
"ADNI","NACC","ST114TA","RROSMFM","Cortical Thickness Average of Right Rostral Middle Frontal ","Right rostral middle frontal mean cortical thickness (mm)","identical match",1
"ADNI","NACC","ST56TA","LSUPFRM","Cortical Thickness Average of Left Superior Frontal ","Left superior frontal mean cortical thickness (mm)","identical match",1
"ADNI","NACC","ST115TA","RSUPFRM","Cortical Thickness Average of Right Superiorfrontal ","Right superior frontal mean cortical thickness (mm)","identical match",1
"ADNI","NACC","ST57TA","LSUPPARM","Cortical Thickness Average of Left Superiorparietal ","Left superior parietal mean cortical thickness (mm)","identical match",1
"ADNI","NACC","ST116TA","RSUPPARM","Cortical Thickness Average of Right Superiorparietal ","Right superior parietal mean cortical thickness (mm)","identical match",1
"ADNI","NACC","ST58TA","LSUPTEMM","Cortical Thickness Average of Left Superior Temporal ","Left superior temporal mean cortical thickness (mm)","identical match",1
"ADNI","NACC","ST117TA","RSUPTEMM","Cortical Thickness Average of Right Superior Temporal ","Right superior temporal mean cortical thickness (mm)","identical match",1
"ADNI","NACC","ST59TA","LSUPMARM","Cortical Thickness Average of Left Supramarginal ","Left supramarginal mean cortical thickness (mm)","identical match",1
"ADNI","NACC","ST118TA","RSUPMARM","Cortical Thickness Average of Right Supramarginal ","Right supramarginal mean cortical thickness (mm)","identical match",1
"ADNI","NACC","ST62TA","LTRTEMM","Cortical Thickness Average of Left Transverse Temporal ","Left transverse temporal mean cortical thickness (mm)","identical match",1
"ADNI","NACC","ST121TA","RTRTEMM","Cortical Thickness Average of Right Transverse Temporal ","Right transverse temporal mean cortical thickness (mm)","identical match",1
"ADNI","NACC","ST52CV","LPRECUN","Volume (Cortical Parcellation) of Left Precuneus","Left precuneus gray matter volume (cc)","identical match",1
"ADNI","NACC","ST111CV","RPRECUN","Volume (Cortical Parcellation) o Right Precuneus","Right precuneus gray matter volume (cc)","identical match",1
"ADNI","NACC","ST62CV","LTRTEM","Volume (Cortical Parcellation) o Left Transverse Temporal","Left transverse temporal gray matter volume (cc)","identical match",1
"ADNI","NACC","ST121CV","RTRTEM","Volume (Cortical Parcellation) o Right Transverse Temporal","Right transverse temporal gray matter volume (cc)","identical match",1
"ADNI","NACC","ST37SV","LLATVENT","Volume (WM Parcellation) of Left Lateral Ventricle","Segmented left lateral ventricle volume (cc)","identical match",1
"ADNI","NACC","ST96SV","RLATVENT","Volume (WM Parcellation) of Right Lateral Ventricle","Segmented right lateral ventricle volume (cc)","identical match",1
"ADNI","NACC","ST127SV","THIRVENT","Volume (WM Parcellation) of Third Ventricle","Segmented total third ventricle volume (cc)","identical match",1
"ADNI","NACC","ST29SV","LHIPPO","Volume (WM Parcellation) of Left Hippocampus","Segmented left hippocampus volume (cc)","identical match",1
"ADNI","NACC","ST88SV","RHIPPO","Volume (WM Parcellation) of Right Hippocampus","Segmented right hippocampus volume (cc)","identical match",1
"ADNI","EPAD","MH16SMOK","smoking","Smoking(1=Yes; 0=No)","Smoking","identical match",1
"ADNI","NACC","MH16SMOK","TOBAC30","Smoking(1=Yes; 0=No)","Smoked cigarettes in last 30 days","identical match",1
"ADNI","NACC","MH16SMOK","PACKSPER","Smoking(1=Yes; 0=No)","Average number of packs smoked per day","identical match",1
"ADNI","NACC","MH16CSMOK","QUITSMOK","If no longer smoking, provide period of time since stopped smoking (years)","If the subject quit smoking, age at which he/she last smoked (i.e., quit)","identical match",1
"aachen-hf","viennahf-register","HbA1c","HbA1c","HbA1c","HBA1c","identical match",1
"aachen-hf","viennahf-register","Creatinine","KreatininLabor","creatinine","Creatinine","identical match",1
"aachen-hf","viennahf-register","Urea","HarnstoffN","urea","Urea","identical match",1
"aachen-hf","viennahf-register","Triglyceride","Triglyceride","triglyceride","triglyceride","identical match",1
"aachen-hf","viennahf-register","patientid","BASISPATIID","patient identification number","patient identification number","identical match",1
"aachen-hf","viennahf-register","MRA","MRA","mineralocorticoid receptor antagonist (MRA)","Mineralocorticoid receptor antagonists(MRAs)","partial match",1
"aachen-hf","viennahf-register","Height","Gr??e","height","height","identical match",1
"aachen-hf","viennahf-register","HDLC","HDL-Cholesterin","HDL-cholesterol","HDL-Cholesterol","compatible match",1
"aachen-hf","viennahf-register","Age","PATIENTENALTER2","age at visit","age at visit","identical match",1
"aachen-hf","viennahf-register","eGFR","eGFR","estimated glomerular filtration rate (CKD-EPI)","estimated glomerular fraction rate","identical match",1
"aachen-hf","viennahf-register","date","VISITDATUM","date of visit","date of visit","identical match",1
"aachen-hf","viennahf-register","Weight","Gewicht","weight","weight","identical match",1
"aachen-hf","viennahf-register","BMI","BMI","body mass index","body mass index","identical match",1
"aachen-hf","viennahf-register","ARB","ARB","Angiotensin II receptor blockers","Angiotensin II Receptor Blockers (ARBs)","partial match",1
"aachen-hf","viennahf-register","ARNI","ARNI","sacubitril/valsartan","Angiotensin Receptor-Neprilysin Inhibitor (ARNi)","partial match",1
"aachen-hf","viennahf-register","LDLC","HDL-Cholesterin","LDL-cholesterol","HDL-Cholesterol","identical match",1
"aachen-hf","viennahf-register","BetablockerWirkstoff","Betablocker","Betablocker substance","Betablocker","partial match",1
"aachen-hf","viennahf-register","BB","Betablocker","Beta blockers","Betablocker","partial match",1
"aachen-hf","viennahf-register","SGLT2","SGLT2i","sodium glucose cotransporter 2 inhibitors","SGLT2i","partial match",1
"aachen-hf","viennahf-register","ALT","ALAT","Alanine aminotransferase","Alanine Aminotransferase(ALAT)","partial match",1
"aachen-hf","viennahf-register","ACE","ACEi","Angiotensin-converting enzyme inhibitors","ACE inhibitors (ACEI)","partial match",1
"aachen-hf","viennahf-register","AST","ASAT","Aspartate aminotransferase","aspartaataminotransferase(ASAT)","partial match",1
"aachen-hf","viennahf-register","Height","Gewicht","height","weight","identical match",1
"aachen-hf","viennahf-register","Weight","Gr??e","weight","height","not applicable",0
"aachen-hf","viennahf-register","GGT","GammaGT","gamma-glutamyl transferase (GGT)","gamma glutaryl transferase","identical match",1
"aachen-hf","viennahf-register","PREA","Albumin","prealbumin","Albumin","identical match",1
"aachen-hf","viennahf-register","CKD","CK","History of chronic kidney disease","creatinin kinase","identical match",1
"aachen-hf","viennahf-register","Eosinophiles","Eosinophileabsolut","eosinophiles","eosinophils absolute","identical match",1
"aachen-hf","viennahf-register","LDLC","LDLCerrechnet","LDL-cholesterol","LDL-Cholsterine","identical match",1
"aachen-hf","viennahf-register","Diabetes","TypDiabetesmellitus","History of diabetes","type of diabetes","partial match",1
"aachen-hf","viennahf-register","ARNI","ARNITD","sacubitril/valsartan","ARNi daily dosis in % of target dosis","compatible match",1
"aachen-hf","viennahf-register","Historyofmyocardialinfarction","DatumMyokardinfarkt","History of myocardial infarction","date of past myocardial infarction","partial match",1
"aachen-hf","viennahf-register","HistoryCOPD","COPD","History of chronic obstructive pulmonary disorder","COPD ( chronic obstructive pulmonary disease)","identical match",1
"aachen-hf","viennahf-register","Diuretics","Schleifen-D","diuretics","Loop diuretics","identical match",1
"aachen-hf","viennahf-register","SGLT2","SGLT2iTD","sodium glucose cotransporter 2 inhibitors","SGLT2i daily dosis in % of target dosis","compatible match",1
"aachen-hf","viennahf-register","Creatinine","CK","creatinine","creatinin kinase","identical match",1
"aachen-hf","viennahf-register","ARNI_dd","ARNITD","original dosage of ARNI","ARNi daily dosis in % of target dosis","compatible match",1
"aachen-hf","viennahf-register","date","GEBURTSDATUM","date of visit","date of birth","not applicable",0
"aachen-hf","viennahf-register","ARB","ARBTD","Angiotensin II receptor blockers","ARB daily dosis in % of target dosis","compatible match",1
"aachen-hf","viennahf-register","SGLT2_dd","SGLT2iTD","original dosage of SGLT2 inhibitors","SGLT2i daily dosis in % of target dosis","compatible match",1
"aachen-hf","viennahf-register","TCHOL","HDL-Cholesterin","total cholesterol","HDL-Cholesterol","not applicable",0
"aachen-hf","viennahf-register","MRA","MRATD","mineralocorticoid receptor antagonist (MRA)","MRA daily dosis in % of target dosis","partial match",1
"aachen-hf","viennahf-register","hsCRP","CRP","high sensitivity C reactive protein","ultrasensitive C reactive protein(CRP)","identical match",1
"aachen-hf","viennahf-register","Smoker","Nikotin","smoking status","Smoking status (active/former/never)","compatible match",1
"aachen-hf","viennahf-register","Diabetes","TypDiabetesmellitus","History of diabetes","type of diabetes","partial match",1
"aachen-hf","viennahf-register","Historyofmyocardialinfarction","DatumMyokardinfarkt","History of myocardial infarction","date of past myocardial infarction","partial match",1
"aachen-hf","viennahf-register","Diuretics","Schleifen-D","diuretics","Loop diuretics","partial match",1
"aachen-hf","viennahf-register","date","GEBURTSDATUM","date of visit","date of birth","not applicable",0
"aachen-hf","viennahf-register","Historyofmyocardialinfarction","Myokardinfarkt","History of myocardial infarction","presence of past myocardial infarction","identical match",1
"aachen-hf","viennahf-register","date","DatumCerebralerInsult","date of visit","date of stroke","partial match",1
"aachen-hf","viennahf-register","HistoryofCABG","ACBP","History of Coronary artery bypass graft surgery","CABG - coronary artery bypass graft","identical match",1
"aachen-hf","viennahf-register","date","VON","date of visit","number of visit","not applicable",0
"aachen-hf","viennahf-register","Historyofstroke","DatumCerebralerInsult","History of stroke","date of stroke","partial match",1
"aachen-hf","viennahf-register","Lymphocytes","Lymphozytenabsolut","lymphocytes","Lymphocytes absolute","partial match",
"aachen-hf","viennahf-register","Lymphocytes","Lymphozytenrelativ","lymphocytes","Lymphocytes relative","partial match",1
"aachen-hf","viennahf-register","date","Tod_Datum","date of visit","date of death","not applicable",0
"aachen-hf","viennahf-register","CKD","Niereninsuffizienz","History of chronic kidney disease","chronic kidney disease (yes/no)","identical match",1
"aachen-hf","viennahf-register","Diuretics","Schleifen-DWirkstoff","diuretics","diuretics substance","partial match",1
"aachen-hf","viennahf-register","date","DatumACBP","date of visit","date of CABG","not applicable",0
"aachen-hf","viennahf-register","Loopdose","Schleifen-D","normalisation of loop diuretics","Loop diuretics","partial match",1
"aachen-hf","viennahf-register","Hypertension","LVEFArtHerzinsuffizienz","History of hypertension","type of heart failure","not applicable",0
"aachen-hf","viennahf-register","Hypertension","DatumTrikuspidalklappeIntervention","History of hypertension","Date of tricuspid inervention","not applicable",0
"aachen-hf","viennahf-register","Hypercholesterolemia","DatumHypertonie","History of hypercholesterolemia","first presentation of hypertension","not applicable",0
"aachen-hf","viennahf-register","Loopdose","DatumCardioMems","normalisation of loop diuretics","implantation of CardioMems","not applicable",0
"ADNI","NACC","ST105CV","LMIDTEMP","Volume (Cortical Parcellation) of  Right Pars Orbitalis ","Left middle temporal gray matter volume (cc)","not applicable",0
"ADNI","NACC","ST47CV","RMIDTEMP","Volume (Cortical Parcellation) of  Left Pars Triangularis","Right middle temporal gray matter volume (cc)","not applicable",0
"ADNI","NACC","ST106CV","RPERCAL","Volume (Cortical Parcellation) of  Right Pars Triangularis","Right pericalcarine gray matter volume (cc)","not applicable",0
"ADNI","NACC","ST50CV","RPRECEN","Volume (Cortical Parcellation) of Left Posterior Cingulate","Right precentral gray matter volume (cc)","not applicable",0
"ADNI","NACC","ST109CV","RROSMF","Volume (Cortical Parcellation) of Right Posterior Cingulate","Right rostral middle frontal gray matter volume (cc)","not applicable",0
"ADNI","NACC","ST54CV","RSUPPAR","Volume (Cortical Parcellation) of Left Rostral Anterior Cingulate","Right superior parietal gray matter volume (cc)","not applicable",0
"ADNI","NACC","ST113CV","RSUPMAR","Volume (Cortical Parcellation) of Right Rostral Anterior Cingulate","Right supramarginal gray matter volume (cc)","not applicable",0
"ADNI","NACC","ST7SV","RINSULA","Volume (WM Parcellation) of Csf","Right insula gray matter volume (cc)","not applicable",0
"ADNI","NACC","ST14TA","LINFTEMP","Cortical Thickness Average of Left Caudal Anterior Cingulate","Left inferior temporal gray matter volume (cc)","not applicable",0
"ADNI","NACC","ST73TA","LMEDORBF","Cortical Thickness Average of Right Caudal Anterior Cingulate","Left medial orbitofrontal gray matter volume (cc)","not applicable",0
"ADNI","NACC","ST15TA","LPERCAL","Cortical Thickness Average of Left Caudal Middle Frontal","Left pericalcarine gray matter volume (cc)","not applicable",0
"ADNI","NACC","ST23TA","LPRECEN","Cortical Thickness Average of Left Cuneus","Left precentral gray matter volume (cc)","not applicable",0
"ADNI","NACC","ST82TA","LROSMF","Cortical Thickness Average of Right Cuneus","Left rostral middle frontal gray matter volume (cc)","not applicable",0
"ADNI","NACC","ST24TA","LSUPMAR","Cortical Thickness Average of Left Entorightinal ","Left supramarginal gray matter volume (cc)","not applicable",0
"ADNI","NACC","ST83TA","RINFTEMP","Cortical Thickness Average of  Right Entorightinal","Right inferior temporal gray matter volume (cc)","not applicable",0
"ADNI","NACC","ST26TA","RMEDORBF","Cortical Thickness Average of  Left Fusiform","Right medial orbitofrontal gray matter volume (cc)","not applicable",0
"ADNI","NACC","ST85TA","LSUPPAR","Cortical Thickness Average of Right Fusiform ","Left superior parietal gray matter volume (cc)","not applicable",0
"ADNI","NACC","ST31TA","RPOSCEN","Cortical Thickness Average of Left Inferiorparietal ","Right postcentral gray matter volume (cc)","not applicable",0
"ADNI","NACC","ST90TA","RSUPFR","Cortical Thickness Average of Right Inferiorparietal ","Right superior frontal gray matter volume (cc)","not applicable",0
"ADNI","NACC","ST32TA","RSUPTEM","Cortical Thickness Average of Left Inferiortemporal ","Right superior temporal gray matter volume (cc)","not applicable",0
"ADNI","AMED","GDSPIRIT","HAPPY","Are you in good spirits most of the time?","Do you feel happy most of the time?","not applicable",0
"ADNI","AMED","GDAFRAID","HELPLESS","Are you afraid that something bad is going to happen to you?","Do you often feel helpless?","not applicable",0
"ADNI","AMED","GDHAPPY","STAYHOME","Do you feel happy most of the time?","Do you prefer to stay at home, rather than going out and doing new things?","not applicable",0
"ADNI","AMED","GDHELP","MEMPROB","Do you often feel helpless?","Do you feel you have more problems with memory than most?","not applicable",0
"ADNI","AMED","GDHOME","WONDRFUL","Do you prefer to stay at home, rather than going out and doing new things?","Do you think it is wonderful to be alive now?","not applicable",0
"ADNI","AMED","GDMEMORY","WRTHLESS","Do you feel you have more problems with memory than most?","Do you feel pretty worthless the way you are now?","not applicable",0
"ADNI","AMED","GDALIVE","ENERGY","Do you think its wonderful to be alive now?","Do you feel full of energy?","not applicable",0
"ADNI","AMED","GDWORTH","HOPELESS","Do you feel pretty worthless the way you are now?","Do you feel that your situation is hopeless?","not applicable",0
"ADNI","AMED","GDENERGY","BETTER","Do you feel full of energy?","Do you think that most people are better off than you are?","not applicable",0
