"VARIABLENAME","VARIABLELABEL","VARTYPE","UNITS","CATEGORICAL","MISSING","COUNT","NA","MIN","MAX","FORMULA","CATEGORICAL VALUE CONCEPT CODE","CATEGORICAL VALUE CONCEPT NAME","CATEGORICAL VALUE OMOP ID","VARIABLE CONCEPT CODE","VARIABLE CONCEPT NAME","VARIABLE OMOP ID","ADDITIONAL CONTEXT CONCEPT NAME","ADDITIONAL CONTEXT CONCEPT CODE","ADDITIONAL CONTEXT OMOP ID","UNIT CONCEPT NAME","UNIT CONCEPT CODE","UNIT OMOP ID","DOMAIN","VISITS","VISIT OMOP ID","VISIT CONCEPT NAME","VISIT CONCEPT CODE"
"atrial_fibrillation","Atrial fibrillation","INT",,"0=No|1=Yes",,,,,,,"SNOMED:373067005|SNOMED:373066001","No|Yes","4188540|4188539","SNOMED:312442005","H/O: atrial fibrillation",4194288,,,,,,,"Condition_Occurrence","baseline",1006364,"Baseline time","LOINC:LP115770-2"
"incident_af","Incident Atrial fibrillation","INT",,"0=No|1=Yes",,,,,,,"SNOMED:373067005|SNOMED:373066001","No|Yes","4188540|4188539","SNOMED:49436004","Atrial fibrillation",313217,"Incidental","SNOMED:261087003",4118861,,,,"Condition_Occurrence","baseline",1006364,"Baseline time","LOINC:LP115770-2"
"time_to_incident_af","time to incident of Atrial fibrillation","INT",,"0=No|1=Yes",,,,,,,,,,"SNOMED:49436004","Atrial fibrillation",313217,"Time since injury","SNOMED:246136009",4078490,"day","UCUM:d",8512,"Condition_Occurrence","baseline",1006364,"Baseline time","LOINC:LP115770-2"
"atrial_fibrillation_days_since_exam_1","Incident Atrial fibrillation DAYS SINCE EXAM 1","INT","days",,,,,,,,,,,"SNOMED:49436004","Atrial fibrillation",313217,"Time since injury","SNOMED:246136009",4078490,"day","UCUM:d",8512,"Condition_Occurrence","baseline",1006364,"Baseline time","LOINC:LP115770-2"
"age_at_visit_1","AGE AT VISIT 1 (baseline)","INT","years",,,,,,,,,,,"SNOMED:397669002","Age",4265453,,,,"year","UCUM:a",9448,"Observation","baseline",1006364,"Baseline time","LOINC:LP115770-2"
"age_at_visit_2","Age at Visit 2","INT","years",,,,,,,,,,,"SNOMED:397669002","Age",4265453,,,,"year","UCUM:a",9448,"Observation","visit_2",44818519,"Follow-up visit","OMOP:44818519"
"age_at_visit_3","Age at Visit 3","INT","years",,,,,,,,,,,"SNOMED:397669002","Age",4265453,,,,"year","UCUM:a",9448,"Observation","visit_3",44818519,"Follow-up visit","OMOP:44818519"
"age_at_visit_4","Age at Visit 4","INT","years",,,,,,,,,,,"SNOMED:397669002","Age",4265453,,,,"year","UCUM:a",9448,"Observation","visit_4",44818519,"Follow-up visit","OMOP:44818519"
"corrected_visit_5_age","Corrected Visit 5 age","INT","years",,,,,,,,,,,"SNOMED:397669002","Age",4265453,,,,"year","UCUM:a",9448,"Observation","visit_5",44818519,"Follow-up visit","OMOP:44818519"
"drink_alcoholic_beverage_q90","Alcohol (servings per week)","INT","servings/week",,,,,,,,,,,"SNOMED:897148007","Alcoholic beverage intake",619635,,,,"per week","UCUM:/w",44777559,"Observation","baseline",1006364,"Baseline time","LOINC:LP115770-2"
"no_of_glasses_wine_consumed_p_wk_q96","Number OF GLASSES WINE CONSUMED (servings per week)","INT","servings/week",,,,,,,,,,,"SNOMED:897148007","Alcoholic beverage intake",619635,,,,"per week","UCUM:/w",44777559,"Observation","baseline",1006364,"Baseline time","LOINC:LP115770-2"
"no_of_cans_of_beer_consumed_p_wk_q97","Number OF CANS OF BEER CONSUMED (servings per week)","INT","servings/week",,,,,,,,,,,"SNOMED:897148007","Alcoholic beverage intake",619635,,,,"per week","UCUM:/w",44777559,"Observation","baseline",1006364,"Baseline time","LOINC:LP115770-2"
"no_of_hard_liquor_drinks_per_wk_q98","Number OF HARD LIQUOR DRINKS (servings per week)","INT","servings/week",,,,,,,,,,,"SNOMED:897148007","Alcoholic beverage intake",619635,,,,"per week","UCUM:/w",44777559,"Observation","baseline",1006364,"Baseline time","LOINC:LP115770-2"
"ever_consumed_alcoholic_beverages_q14","EVER CONSUMED ALCOHOLIC BEVERAGES Q14","INT","servings/week",,,,,,,,,,,"SNOMED:897148007","Alcoholic beverage intake",619635,,,,"per week","UCUM:/w",44777559,"Observation","baseline",1006364,"Baseline time","LOINC:LP115770-2"
"drink_alcohol_now_q15","DRINK ALCOHOL NOW","INT","servings/week",,,,,,,,,,,"SNOMED:897148007","Alcoholic beverage intake",619635,,,,"per week","UCUM:/w",44777559,"Observation","baseline",1006364,"Baseline time","LOINC:LP115770-2"
"usual_of_glasses_winewk_q17a","USUAL # OF GLASSES WINE/WK Q17A","INT","servings/week",,,,,,,,,,,"SNOMED:897148007","Alcoholic beverage intake",619635,,,,"per week","UCUM:/w",44777559,"Observation","baseline",1006364,"Baseline time","LOINC:LP115770-2"
"usual_of_beers_per_week_q18a","USUAL # OF BEERS PER WEEK Q18A","INT","servings/week",,,,,,,,,,,"SNOMED:897148007","Alcoholic beverage intake",619635,,,,"per week","UCUM:/w",44777559,"Observation","baseline",1006364,"Baseline time","LOINC:LP115770-2"
"usual_of_hard_liquor_drinkswk_q19a","USUAL # OF HARD LIQUOR DRINKS/WK Q19A","INT","servings/week",,,,,,,,,,,"SNOMED:897148007","Alcoholic beverage intake",619635,,,,"per week","UCUM:/w",44777559,"Observation","baseline",1006364,"Baseline time","LOINC:LP115770-2"
"cholesterol_lowering_medication_win_2 weeks_using_2004_med_code_v1","Taking cholesterol lowering medication  within 2 weeks at visit 1","INT",,"0=No|1=Yes",,,,,,,"SNOMED:373067005|SNOMED:373066001","No|Yes","4188540|4188539","ATC:C10","Lipid modifying agents",21601853,"2 weeks","loinc:LP6931-2",1029797,,,,"Drug_Exposure","baseline",1006364,"Baseline time","LOINC:LP115770-2"
"cholesterol_lowering_medication_win_2 weeks_using_2004_med_code_v2","Taking cholesterol lowering medication within 2 weeks at visit 2","INT",,"0=No|1=Yes",,,,,,,"SNOMED:373067005|SNOMED:373066001","No|Yes","4188540|4188539","ATC:C10","Lipid modifying agents",21601853,"2 weeks","loinc:LP6931-2",1029797,,,,"Drug_Exposure","visit_2",44818519,"Follow-up visit","OMOP:44818519"
"cholesterol_lowering_medication_win_2 weeks_using_2004_med_code_v3","Taking cholesterol lowering medication within 2 weeks e at visit 3","INT",,"0=No|1=Yes",,,,,,,"SNOMED:373067005|SNOMED:373066001","No|Yes","4188540|4188539","ATC:C10","Lipid modifying agents",21601853,"2 weeks","loinc:LP6931-2",1029797,,,,"Drug_Exposure","visit_3",44818519,"Follow-up visit","OMOP:44818519"
"cholesterol_lowering_medication_win_2 weeks_using_2004_med_code_v4","Cholesterol lowering medication within 2 weeks: Using 2004 Med Code at visit 4","INT",,"0=No|1=Yes",,,,,,,"SNOMED:373067005|SNOMED:373066001","No|Yes","4188540|4188539","ATC:C10","Lipid modifying agents",21601853,"2 weeks","loinc:LP6931-2",1029797,,,,"Drug_Exposure","visit_4",44818519,"Follow-up visit","OMOP:44818519"
"medication_taken_for_high_blood_cholesterol","Medication taken for high blood cholesterol","INT",,"0=No|1=Yes",,,,,,,"SNOMED:373067005|SNOMED:373066001","No|Yes","4188540|4188539","ATC:C10","Lipid modifying agents",21601853,"2 weeks","loinc:LP6931-2",1029797,,,,"Drug_Exposure","baseline",1006364,"Baseline time","LOINC:LP115770-2"
"used_aspirincontaining_analgesics_at_visit_1_in_last_2_weeks_0no_1yes_based_on_2","Taking aspirin in last 2 weeks at Visit 1 baseline","INT",,"0=No|1=Yes",,,,,,,"SNOMED:373067005|SNOMED:373066001","No|Yes","4188540|4188539","SNOMED:432909005","Aspirin given",4161905,"2 weeks","loinc:LP6931-2",1029797,,,,"Drug_Exposure","baseline",1006364,"Baseline time","LOINC:LP115770-2"
"used_aspirincontaining_analgesics_at_visit_2_in_last_2_weeks_0no_1yes_based_on_2","Taking aspirin in last 2 weeks at Visit 2","INT",,"0=No|1=Yes",,,,,,,"SNOMED:373067005|SNOMED:373066001","No|Yes","4188540|4188539","SNOMED:432909005","Aspirin given",4161905,"2 weeks","loinc:LP6931-2",1029797,,,,"Drug_Exposure","visit_2",44818519,"Follow-up visit","OMOP:44818519"
"used_aspirincontaining_analgesics_at_visit_3_in_last_2_weeks_0no_1yes_based_on_2","Taking aspirin in last 2 weeks at Visit 3","INT",,"0=No|1=Yes",,,,,,,"SNOMED:373067005|SNOMED:373066001","No|Yes","4188540|4188539","SNOMED:432909005","Aspirin given",4161905,"2 weeks","loinc:LP6931-2",1029797,,,,"Drug_Exposure","visit_3",44818519,"Follow-up visit","OMOP:44818519"
"used_aspirincontaining_analgesics_at_visit_4_in_last_2_weeks_0no_1yes_based_on_2","Taking aspirin in last 2 weeks at Visit 4","INT",,"0=No|1=Yes",,,,,,,"SNOMED:373067005|SNOMED:373066001","No|Yes","4188540|4188539","SNOMED:432909005","Aspirin given",4161905,"2 weeks","loinc:LP6931-2",1029797,,,,"Drug_Exposure","visit_4",44818519,"Follow-up visit","OMOP:44818519"
"aspirin_taken_in_last_4_weeks","Aspirin taken in last 4 weeks","INT",,"0=No|1=Yes",,,,,,,"SNOMED:373067005|SNOMED:373066001","No|Yes","4188540|4188539","SNOMED:432909005","Aspirin given",4161905,"4 weeks","loinc:LP6941-1",1029806,,,,"Drug_Exposure","baseline",1006364,"Baseline time","LOINC:LP115770-2"
"symptomatic_coronary_heart_disease","SYMPTOMATIC CORONARY HEART DISEASE","INT",,"0=No|1=Yes",,,,,,,"SNOMED:373067005|SNOMED:373066001","No|Yes","4188540|4188539","SNOMED:414024009","Disorder of coronary artery",4187067,"Symptomatic","SNOMED:264931009",4142947,,,,"Condition_Occurrence","baseline",1006364,"Baseline time","LOINC:LP115770-2"
"rose_intermittent_claudication_def_3","Intermittent claudication: symptom of peripheral artery disease","INT",,"0=No|1=Yes",,,,,,,"SNOMED:373067005|SNOMED:373066001","No|Yes","4188540|4188539","SNOMED:63491006","Intermittent claudication",442774,,,,,,,"Condition_Occurrence","baseline",1006364,"Baseline time","LOINC:LP115770-2"
"stroke","Stroke status","INT",,"0=No|1=TIA|2=Stroke",,,,,,,"SNOMED:373067005|SNOMED:266257000|SNOMED:230690007","No|Transient ischemic attack|Cerebrovascular accident","4188540|373503|381316","SNOMED:457551000124104","Acute stroke",36684840,,,,,,,"Condition_Occurrence","baseline",1006364,"Baseline time","LOINC:LP115770-2"
"tia","Transient ischemic attack status","INT",,"0=No|1=TIA|2=Stroke",,,,,,,"SNOMED:373067005|SNOMED:266257000|SNOMED:230690007","No|Transient ischemic attack|Cerebrovascular accident","4188540|373503|381316","SNOMED:266257000","Transient cerebral ischemia",373503,,,,,,,"Condition_Occurrence","baseline",1006364,"Baseline time","LOINC:LP115770-2"
"body_mass_index_in_kgmm","Body mass index (kg/m2)","FLOAT","kg/m2",,,,,,,,,,,"LOINC:39156-5","Body mass index",3038553,,,,"kilogram per square meter","UCUM:kg/m2",9531,"Measurement","baseline",1006364,"Baseline time","LOINC:LP115770-2"
"v2_body_mass_index_in_kgm2","Body mass index (kg/m2) at visit 2","FLOAT","kg/m2",,,,,,,,,,,"LOINC:39156-5","Body mass index",3038553,,,,"kilogram per square meter","UCUM:kg/m2",9531,"Measurement","visit_2",44818519,"Follow-up visit","OMOP:44818519"
"body_mass_index_in_kg/m**2","Body mass index (kg/m2)","FLOAT","kg/m2",,,,,,,,,,,"LOINC:39156-5","Body mass index",3038553,,,,"kilogram per square meter","UCUM:kg/m2",9531,"Measurement","baseline",1006364,"Baseline time","LOINC:LP115770-2"
"carotid_bruits_q10","Carotid stenosis","INT",,"0=No|1=Yes",,,,,,,"SNOMED:373067005|SNOMED:373066001","No|Yes","4188540|4188539","SNOMED:64586002","Carotid artery stenosis",442615,,,,,,,"Condition_Occurrence","baseline",1006364,"Baseline time","LOINC:LP115770-2"
"alt_plaque_in_any_site","Carotid stenosis","INT",,"0=No|1=Yes",,,,,,,"SNOMED:373067005|SNOMED:373066001","No|Yes","4188540|4188539","SNOMED:64586002","Carotid artery stenosis",442615,,,,,,,"Condition_Occurrence","baseline",1006364,"Baseline time","LOINC:LP115770-2"
"creatinine_mgdl_q9","Creatinine (mg/dL)","FLOAT","mg/dL",,,,,,,,,,,"CPT:82565","Creatinine; blood",2212294,,,,"milligram per deciliter","UCUM:mg/dL",8840,"Measurement","baseline",1006364,"Baseline time","LOINC:LP115770-2"
"creatinine_mg_per_dl_dec_pt_req_q8","Creatinine (mg/dL)","FLOAT","mg/dL",,,,,,,,,,,"CPT:82565","Creatinine; blood",2212294,,,,"milligram per deciliter","UCUM:mg/dL",8840,"Measurement","baseline",1006364,"Baseline time","LOINC:LP115770-2"
"creatinine_serum_mgdl","Creatinine (mg/dL)","FLOAT","mg/dL",,,,,,,,,,,"CPT:82565","Creatinine; blood",2212294,,,,"milligram per deciliter","UCUM:mg/dL",8840,"Measurement","baseline",1006364,"Baseline time","LOINC:LP115770-2"
"current_cigarette_smoker","CURRENT CIGARETTE SMOKER","INT",,"0=No|1=Yes",,,,,,,"SNOMED:373067005|SNOMED:373066001","No|Yes","4188540|4188539","Omop:OMOP5181838","Cigarette smoker",903657,,,,,,,"Observation","baseline",1006364,"Baseline time","LOINC:LP115770-2"
"current_smoker_flag","CURRENT CIGARETTE SMOKER","INT",,"0=No|1=Yes",,,,,,,"SNOMED:373067005|SNOMED:373066001","No|Yes","4188540|4188539","Omop:OMOP5181838","Cigarette smoker",903657,,,,,,,"Observation","baseline",1006364,"Baseline time","LOINC:LP115770-2"
"current_smoker","CURRENT CIGARETTE SMOKER","INT",,"0=No|1=Yes",,,,,,,"SNOMED:373067005|SNOMED:373066001","No|Yes","4188540|4188539","Omop:OMOP5181838","Cigarette smoker",903657,,,,,,,"Observation","baseline",1006364,"Baseline time","LOINC:LP115770-2"
"v5_current_cigarette_smoker","CURRENT CIGARETTE SMOKER at visit 5","INT",,"0=No|1=Yes",,,,,,,"SNOMED:373067005|SNOMED:373066001","No|Yes","4188540|4188539","Omop:OMOP5181838","Cigarette smoker",903657,,,,,,,"Observation","Visit 5",44818519,"Follow-up visit","OMOP:44818519"
"dead_by_2018_from_dthndiafu","Death indicator","INT",,"0=No|1=Yes",,,,,,,"SNOMED:373067005|SNOMED:373066001","No|Yes","4188540|4188539","SNOMED:419620001","Death",4306655,,,,,,,"Observation","baseline",1006364,"Baseline time","LOINC:LP115770-2"
"diabetes_w_fasting_glucose_cutpt126","DIABETES with fasting glucose","INT",,"0=No|1=Yes",,,,,,,"SNOMED:373067005|SNOMED:373066001","No|Yes","4188540|4188539","SNOMED:73211009","Diabetes mellitus",201820,,,,,,,"Condition_Occurrence","baseline",1006364,"Baseline time","LOINC:LP115770-2"
"diabts22_using_chmb07126","DIABETES using 126 mg/dL CGM Reading","INT",,"0=No|1=Yes",,,,,,,"SNOMED:373067005|SNOMED:373066001","No|Yes","4188540|4188539","SNOMED:73211009","Diabetes mellitus",201820,,,,,,,"Condition_Occurrence","baseline",1006364,"Baseline time","LOINC:LP115770-2"
"diabetes_using_lower_cutpoint_126_mgdl","Diabetes fasting plasma glucose (FPG) of 126 mg/dL or higher","INT",,"0=No|1=Yes",,,,,,,"SNOMED:373067005|SNOMED:373066001","No|Yes","4188540|4188539","SNOMED:73211009","Diabetes mellitus",201820,,,,,,,"Condition_Occurrence","baseline",1006364,"Baseline time","LOINC:LP115770-2"
"v5_diabetes_lower_cutpoint_126_mgdl","Diabetes fasting plasma glucose (FPG) of 126 mg/dL or higher at visit 5","INT",,"0=No|1=Yes",,,,,,,"SNOMED:373067005|SNOMED:373066001","No|Yes","4188540|4188539","SNOMED:73211009","Diabetes mellitus",201820,,,,,,,"Condition_Occurrence","Visit 5",44818519,"Follow-up visit","OMOP:44818519"
"2nd_and_3rd_diastolic_bp_average_q22","Seated diastolic blood pressure (MM HG)","FLOAT","mmHg",,,,,,,,,,,"Snomed:407555005","Sitting diastolic blood pressure",4248524,,,,"millimeter of mercury","UCUM:mm[Hg]",8876,"Measurement","baseline",1006364,"Baseline time","LOINC:LP115770-2"
"2nd_and_3rd_diastolic_bp_average_q23","Seated diastolic blood pressure (MM HG)","FLOAT","mmHg",,,,,,,,,,,"Snomed:407555005","Sitting diastolic blood pressure",4248524,,,,"millimeter of mercury","UCUM:mm[Hg]",8876,"Measurement","baseline",1006364,"Baseline time","LOINC:LP115770-2"
"1st_and_2nd_diastolic_bp_average_q20","Seated diastolic blood pressure (MM HG)","FLOAT","mmHg",,,,,,,,,,,"Snomed:407555005","Sitting diastolic blood pressure",4248524,,,,"millimeter of mercury","UCUM:mm[Hg]",8876,"Measurement","baseline",1006364,"Baseline time","LOINC:LP115770-2"
"avg_diastolic_mmhg","Seated diastolic blood pressure (MM HG)","FLOAT","mmHg",,,,,,,,,,,"Snomed:407555005","Sitting diastolic blood pressure",4248524,,,,"millimeter of mercury","UCUM:mm[Hg]",8876,"Measurement","baseline",1006364,"Baseline time","LOINC:LP115770-2"
"highest_education_completed_q54","HIGHEST EDUCATION COMPLETED Q54","INT",,"1=Less than High School|2=High School|3=Some College|4=College",,,,,,,"LOINC:LA30191-3|LOINC:LA32765-2|LOINC:LA40-1|LOINC:LA32767-8 ","Less than high school degree|High school graduate or GED|Some college|4-year college graduate","37079293|1990495|45876260|1990414","LOINC:82589-3","Highest level of education",42528763,,,,,,,"Observation","baseline",1006364,"Baseline time","LOINC:LP115770-2"
"followup_hem_strokes_days","Follow-up HEM Strokes (days)","INT","days",,,,,,,,,,,"LOINC:LP266333-6","Time elapsed since stroke",1017678,"Haemorrhagic stroke","SNOMED:1078001000000105",35609033,"day","UCUM:d",8512,"Observation","baseline",1006364,"Baseline time","LOINC:LP115770-2"
"followup_chm_strokes_days","Follow-up CHM Strokes (days)","INT","days",,,,,,,,,,,"LOINC:LP266333-6","Time elapsed since stroke",1017678,"Cerebral hemorrhage","SNOMED:274100004",376713,"day","UCUM:d",8512,"Observation","baseline",1006364,"Baseline time","LOINC:LP115770-2"
"followup_isc_strokes_days","Follow-up ISC Strokes (days)","INT","days",,,,,,,,,,,"LOINC:LP266333-6","Time elapsed since stroke",1017678,"Ischemic stroke","SNOMED:422504002",4310996,"day","UCUM:d",8512,"Observation","baseline",1006364,"Baseline time","LOINC:LP115770-2"
"followup_dp_strokes_days","Follow-up DP Strokes (days)","INT","days",,,,,,,,,,,"LOINC:LP266333-6","Time elapsed since stroke",1017678,"Cerebrovascular accident|Dipyridamole","SNOMED:230690007|SNOMED:387371005","381316|4305890","day","UCUM:d",8512,"Observation","baseline",1006364,"Baseline time","LOINC:LP115770-2"
"followup_dpp_strokes_days","Follow-up DPP Strokes (days)","INT","days",,,,,,,,,,,"LOINC:LP266333-6","Time elapsed since stroke",1017678,"Cerebrovascular accident|Dipeptidyl-Peptidase IV Inhibitors","SNOMED:230690007|Mesh:D054873","381316|19401763","day","UCUM:d",8512,"Observation","baseline",1006364,"Baseline time","LOINC:LP115770-2"
"defprob_hemmorrhagic_inc_stroke_by_censoring_date","Def/Prob Hemmorrhagic Inc. Stroke by Censoring Date","INT","days",,,,,,,,,,,"SNOMED:1078001000000105","Haemorrhagic stroke",35609033,,,,"day","UCUM:d",8512,"Observation","baseline",1006364,"Baseline time","LOINC:LP115770-2"
"defprob_combined_hemm_inc_stroke_by_censoring_date","Def/Prob Combined Hemm Inc. Stroke by Censoring Date","INT","days",,,,,,,,,,,"SNOMED:230690007","Cerebrovascular accident",381316,,,,"day","UCUM:d",8512,"Observation","baseline",1006364,"Baseline time","LOINC:LP115770-2"
"defprob_ischemic_inc_stroke_by_censoring_date","Def/Prob Ischemic Inc. Stroke by Censoring Date","INT","days",,,,,,,,,,,"SNOMED:422504002","Ischemic stroke",4310996,,,,"day","UCUM:d",8512,"Observation","baseline",1006364,"Baseline time","LOINC:LP115770-2"
"defprob_incident_stroke_by_censoring_date","Def/Prob Incident Stroke by Censoring Date","INT","days",,,,,,,,,,,"SNOMED:723082006","Silent cerebral infarct",36717605,,,,"day","UCUM:d",8512,"Observation","baseline",1006364,"Baseline time","LOINC:LP115770-2"
"defprobposs_inc_stroke_by_censoring_date","Def/Prob/Poss Inc. Stroke by Censoring Date","INT","days",,,,,,,,,,,"SNOMED:230690007","Cerebrovascular accident",381316,,,,"day","UCUM:d",8512,"Observation","baseline",1006364,"Baseline time","LOINC:LP115770-2"
"combined_family_income_group_q62","COMBINED FAMILY INCOME GROUP: Q62","FLOAT",,,,,,,,,,,,"SNOMED:224168007","Household income",4076114,,,,,,,"Observation","baseline",1006364,"Baseline time","LOINC:LP115770-2"
"household_income_last_year_q6","HOUSEHOLD INCOME LAST YEAR Q6","FLOAT",,,,,,,,,,,,"SNOMED:224168007","Household income",4076114,,,,,,,"Observation","baseline",1006364,"Baseline time","LOINC:LP115770-2"
"v2_fast_12_hrs_or_more_definition_2","Fasting time of 12 hours or more at Visit 2","INT",,"0=No|1=Yes",,,,,,,"SNOMED:373067005|SNOMED:373066001","No|Yes","4188540|4188539","SNOMED:792805006","Fasting",37312086,,,,,,,"Observation","Visit 2",44818519,"Follow-up visit","OMOP:44818519"
"fasting_time_of_12_hours_or_more","Fasting time of 12 hours or more","INT",,"0=No|1=Yes",,,,,,,"SNOMED:373067005|SNOMED:373066001","No|Yes","4188540|4188539","SNOMED:792805006","Fasting",37312086,,,,,,,"Observation","baseline",1006364,"Baseline time","LOINC:LP115770-2"
"new_maternal_history_of_stroke","Family history of stroke, Mother or Father","INT",,"0=No|1=Yes",,,,,,,"SNOMED:373067005|SNOMED:373066001","No|Yes","4188540|4188539","SNOMED:275104002","Family history of stroke",4169009,,,,,,,"Condition_Occurrence","baseline",1006364,"Baseline time","LOINC:LP115770-2"
"new_paternal_history_of_stroke","Family history of stroke, Mother or Father","INT",,"0=No|1=Yes",,,,,,,"SNOMED:373067005|SNOMED:373066001","No|Yes","4188540|4188539","SNOMED:275104002","Family history of stroke",4169009,,,,,,,"Condition_Occurrence","baseline",1006364,"Baseline time","LOINC:LP115770-2"
"consumed_oranges_q10","CONSUMED ORANGES per week","INT","servings/week",,,,,,,,,,,"SNOMED:226452008","Fruit intake",4023011,"Orange – fruit","SNOMED:256306003",4106294,"per week","UCUM:/w",44777559,"Observation","baseline",1006364,"Baseline time","LOINC:LP115770-2"
"consumed_peaches_apricots_plums_q12","CONSUMED PEACHES APRICOTS PLUMS per week","INT","servings/week",,,,,,,,,,,"SNOMED:226452008","Fruit intake",4023011,"Peach","SNOMED:735049002",42536304,"per week","UCUM:/w",44777559,"Observation","baseline",1006364,"Baseline time","LOINC:LP115770-2"
"consumed_bananas_q13","CONSUMED BANANAS per week","INT","servings/week",,,,,,,,,,,"SNOMED:226452008","Fruit intake",4023011,,,,"per week","UCUM:/w",44777559,"Observation","baseline",1006364,"Baseline time","LOINC:LP115770-2"
"consumed_other_fruits_q14","CONSUMED OTHER FRUITS per week","INT","servings/week",,,,,,,,,,,"SNOMED:226452008","Fruit intake",4023011,,,,"per week","UCUM:/w",44777559,"Observation","baseline",1006364,"Baseline time","LOINC:LP115770-2"
"consumed_apples_or_pears_q9","CONSUMED APPLES OR PEARS per week","INT","servings/week",,,,,,,,,,,"SNOMED:226452008","Fruit intake",4023011,,,,"per week","UCUM:/w",44777559,"Observation","baseline",1006364,"Baseline time","LOINC:LP115770-2"
"health_condition_q9","HEALTH CONDITION Q9","INT",,,,,,,,,,,,"LOINC:11323-3","General health - Reported",3025182,,,,,,,"Observation","baseline",1006364,"Baseline time","LOINC:LP115770-2"
"rate_general_health","Rate general health","INT",,,,,,,,,,,,"LOINC:11323-3","General health - Reported",3025182,,,,,,,"Observation","baseline",1006364,"Baseline time","LOINC:LP115770-2"
"derived_glucose_value_in_mgdl","Glucose value in mg/dL","FLOAT","mg/dL",,,,,,,,,,,"LOINC:2345-7","Glucose [Mass/volume] in Serum or Plasma",3004501,,,,"milligram per deciliter","UCUM:mg/dL",8840,"Measurement","baseline",1006364,"Baseline time","LOINC:LP115770-2"
"glucose_mg_per_dl_dec_pt_req_q7","Glucose value in mg/dL","FLOAT","mg/dL",,,,,,,,,,,"LOINC:2345-7","Glucose [Mass/volume] in Serum or Plasma",3004501,,,,"milligram per deciliter","UCUM:mg/dL",8840,"Measurement","baseline",1006364,"Baseline time","LOINC:LP115770-2"
"glucose_value_in_mgdl_q4a","Glucose value in mg/dL","FLOAT","mg/dL",,,,,,,,,,,"LOINC:2345-7","Glucose [Mass/volume] in Serum or Plasma",3004501,,,,"milligram per deciliter","UCUM:mg/dL",8840,"Measurement","baseline",1006364,"Baseline time","LOINC:LP115770-2"
"fasting_glucose_value_q4a","Glucose value in mg/dL","FLOAT","mg/dL",,,,,,,,,,,"LOINC:2345-7","Glucose [Mass/volume] in Serum or Plasma",3004501,,,,"milligram per deciliter","UCUM:mg/dL",8840,"Measurement","baseline",1006364,"Baseline time","LOINC:LP115770-2"
"fasting_glucose_mgdl","Fasting Glucose (mg/dL)","FLOAT","mg/dL",,,,,,,,,,,"LOINC:2345-7","Glucose [Mass/volume] in Serum or Plasma",3004501,,,,"milligram per deciliter","UCUM:mg/dL",8840,"Measurement","baseline",1006364,"Baseline time","LOINC:LP115770-2"
"recalibrated_hdl_chol_in_mgdl","RE-CALIBRATED HDL CHOL. in mg/dl","FLOAT","mg/dL",,,,,,,,,,,"LOINC:2085-9","HDL Cholesterol [Mass/volume] in Serum or Plasma",3007070,,,,"milligram per deciliter","UCUM:mg/dL",8840,"Measurement","baseline",1006364,"Baseline time","LOINC:LP115770-2"
"hdl_cholestrerol_value_q3a","HDL cholesterol","FLOAT","mg/dL",,,,,,,,,,,"LOINC:2085-9","HDL Cholesterol [Mass/volume] in Serum or Plasma",3007070,,,,"milligram per deciliter","UCUM:mg/dL",8840,"Measurement","baseline",1006364,"Baseline time","LOINC:LP115770-2"
"hdl_cholesterol_value_in_mgdl_q3a","HDL cholesterol","FLOAT","mg/dL",,,,,,,,,,,"LOINC:2085-9","HDL Cholesterol [Mass/volume] in Serum or Plasma",3007070,,,,"milligram per deciliter","UCUM:mg/dL",8840,"Measurement","baseline",1006364,"Baseline time","LOINC:LP115770-2"
"hdl_cholesterol_value_q3a","HDL cholesterol","FLOAT","mg/dL",,,,,,,,,,,"LOINC:2085-9","HDL Cholesterol [Mass/volume] in Serum or Plasma",3007070,,,,"milligram per deciliter","UCUM:mg/dL",8840,"Measurement","baseline",1006364,"Baseline time","LOINC:LP115770-2"
"hdlccholesterol_mgdl","HDLC-Cholesterol (mg/dL)","FLOAT","mg/dL",,,,,,,,,,,"LOINC:2085-9","HDL Cholesterol [Mass/volume] in Serum or Plasma",3007070,,,,"milligram per deciliter","UCUM:mg/dL",8840,"Measurement","baseline",1006364,"Baseline time","LOINC:LP115770-2"
"standing_height_to_nearest_cm_q1","Standing height (to the nearest cm)","FLOAT","cm",,,,,,,,,,,"SNOMED:248333004","Standing height",4093975,,,,"centimeter","UCUM:cm",8582,"Measurement","baseline",1006364,"Baseline time","LOINC:LP115770-2"
"standing_height_cm","Standing height (cm)","FLOAT","cm",,,,,,,,,,,"SNOMED:248333004","Standing height",4093975,,,,"centimeter","UCUM:cm",8582,"Measurement","baseline",1006364,"Baseline time","LOINC:LP115770-2"
"hypertension_lowering_med_use_def_1","Taking blood pressure lowering medication","INT",,"0=No|1=Yes",,,,,,,"SNOMED:373067005|SNOMED:373066001","No|Yes","4188540|4188539","SNOMED:308116003","Antihypertensive therapy",4146455,,,,,,,"Drug_Exposure","baseline",1006364,"Baseline time","LOINC:LP115770-2"
"hypertension_meds_self_reported","Taking blood pressure lowering medication  (Self reported)","INT",,"0=No|1=Yes",,,,,,,"SNOMED:373067005|SNOMED:373066001","No|Yes","4188540|4188539","SNOMED:308116003","Antihypertensive therapy",4146455,,,,,,,"Drug_Exposure","baseline",1006364,"Baseline time","LOINC:LP115770-2"
"medication_taken_for_high_blodd_pressure_or_hypertension","Medication taken for high blodd pressure or hypertension","INT",,"0=No|1=Yes",,,,,,,"SNOMED:373067005|SNOMED:373066001","No|Yes","4188540|4188539","SNOMED:308116003","Antihypertensive therapy",4146455,,,,,,,"Drug_Exposure","baseline",1006364,"Baseline time","LOINC:LP115770-2"
"rose_angina","ANGINA indicated","INT",,"0=No|1=Yes",,,,,,,"SNOMED:373067005|SNOMED:373066001","No|Yes","4188540|4188539","SNOMED:194828000","Angina pectoris",321318,,,,,,,"Condition_Occurrence","baseline",1006364,"Baseline time","LOINC:LP115770-2"
"prevalent_hf_at_visit_1","Prevalent Heart Failure at Visit 1 (baseline)","INT",,,,,,,,,,,,"SNOMED:84114007","Heart failure",316139,"Prevalence","SNOMED:723261000000109",44803900,,,,"Condition_Occurrence","baseline",1006364,"Baseline time","LOINC:LP115770-2"
"followup_time_for_inchf18_in_days","Follow-up time for IN_CHF18 in days","INT",,,,,,,,,,,,"SNOMED:266995000","Congestive heart failure",4144290,"Follow-up time","icare:icv200000062",2000000062,,,,"Condition_Occurrence","baseline",1006364,"Baseline time","LOINC:LP115770-2"
"incident_hf_from_discharge_codes","Incident HF (from discharge codes)","INT",,,,,,,,,,,,"SNOMED:84114007","Heart failure",316139,,,,,,,"Condition_Occurrence","baseline",1006364,"Baseline time","LOINC:LP115770-2"
"prevalent_chd_at_v3_definition_3","Prevalent CHD at V3, definition 3","INT",,,,,,,,,,,,"SNOMED:53741008","Coronary arteriosclerosis",317576,"Prevalence","SNOMED:723261000000109",44803900,,,,"Condition_Occurrence","Visit 3",44818519,"Follow-up visit","OMOP:44818519"
"prevalent_chd_at_v4_definition_3","Prevalent CHD at V4, definition 3","INT",,,,,,,,,,,,"SNOMED:53741008","Coronary arteriosclerosis",317576,"Prevalence","SNOMED:723261000000109",44803900,,,,"Condition_Occurrence","Visit 4",44818519,"Follow-up visit","OMOP:44818519"
"pad_v1_def_2_same_for_both_genders","PAD at v1 Def 2 (same for both genders)","INT",,,,,,,,,,,,"Snomed:840580004","Peripheral arterial disease",3654996,,,,,,,"Condition_Occurrence","baseline",1006364,"Baseline time","LOINC:LP115770-2"
"cardiac_procedures","Cardiac Procedures","INT",,,,,,,,,,,,"LOINC:LP200320-2","Cardiac procedures",37055374,,,,,,,"Condition_Occurrence","baseline",1006364,"Baseline time","LOINC:LP115770-2"
"pad_v3_def_2_same_for_both_genders","PAD at V3, Def 2 (same for both genders)","INT",,,,,,,,,,,,"Snomed:840580004","Peripheral arterial disease",3654996,,,,,,,"Condition_Occurrence","Visit 3",44818519,"Follow-up visit","OMOP:44818519"
"report_rose_angina_in_afu_q1","Q1/HHXC1) includes a specific question designed to identify if a participant has reported Rose angina (angina pectoris) since their last visit.","INT",,,,,,,,,,,,"SNOMED:194828000","Angina pectoris",321318,,,,,,,"Condition_Occurrence","baseline",1006364,"Baseline time","LOINC:LP115770-2"
"pad_v4_def_2_same_for_both_genders","PAD at V4, Def 2 (same for both genders)","INT",,,,,,,,,,,,"Snomed:840580004","Peripheral arterial disease",3654996,,,,,,,"Condition_Occurrence","Visit 4",44818519,"Follow-up visit","OMOP:44818519"
"md_diagnosed_myocardial_infarction","MD DIAGNOSED MYOCARDIAL INFARCTION","INT",,,,,,,,,,,,"SNOMED:399211009","History of myocardial infarction",4163874,,,,,,,"Condition_Occurrence","baseline",1006364,"Baseline time","LOINC:LP115770-2"
"history_of_myocardial_infarction","HISTORY OF MYOCARDIAL INFARCTION","INT",,"0=No|1=Yes",,,,,,,"SNOMED:373067005|SNOMED:373066001","No|Yes","4188540|4188539","SNOMED:399211009","History of myocardial infarction",4163874,,,,,,,"Condition_Occurrence","baseline",1006364,"Baseline time","LOINC:LP115770-2"
"follow_up_time_for_mi18_days","Follow up time for MI18 (days)","INT",,,,,,,,,,,,"SNOMED:399211009","History of myocardial infarction",4163874,,,,,,,"Condition_Occurrence","baseline",1006364,"Baseline time","LOINC:LP115770-2"
"follow_up_time_for_incby18_days","Follow up time for INC_BY18 (days)","INT",,,,,,,,,,,,"SNOMED:399211009","History of myocardial infarction",4163874,,,,,,,"Condition_Occurrence","baseline",1006364,"Baseline time","LOINC:LP115770-2"
"mi_by_censoring_date","MI by Censoring Date","INT","days",,,,,,,,,,,"SNOMED:399211009","History of myocardial infarction",4163874,,,,"day","UCUM:d",8512,"Condition_Occurrence","baseline",1006364,"Baseline time","LOINC:LP115770-2"
"mifatchd_by_censoring_date","MI/FATCHD by Censoring Date","INT","days",,,,,,,,,,,"SNOMED:399211009","History of myocardial infarction",4163874,,,,"day","UCUM:d",8512,"Condition_Occurrence","baseline",1006364,"Baseline time","LOINC:LP115770-2"
"v2_md_diagnosed_myocardial_infarction","History of MI(REGARDS model) at Visit 2","INT",,,,,,,,,,,,"SNOMED:399211009","History of myocardial infarction",4163874,,,,,,,"Condition_Occurrence","Visit 2",44818519,"Follow-up visit","OMOP:44818519"
"v2_history_of_myocardial_infarction","History of Myocardial Infarction at visit 2","INT",,"0=No|1=Yes",,,,,,,"SNOMED:373067005|SNOMED:373066001","No|Yes","4188540|4188539","SNOMED:399211009","History of myocardial infarction",4163874,,,,,,,"Condition_Occurrence","Visit 2",44818519,"Follow-up visit","OMOP:44818519"
"v3_md_diagnosed_myocardial_infarction","History of MI(REGARDS model) at visit 3","INT",,,,,,,,,,,,"SNOMED:399211009","History of myocardial infarction",4163874,,,,,,,"Condition_Occurrence","Visit 3",44818519,"Follow-up visit","OMOP:44818519"
"v3_history_of_myocardial_infarction","History of Myocardial Infarction at visit 3","INT",,,,,,,,,,,,"SNOMED:399211009","History of myocardial infarction",4163874,,,,,,,"Condition_Occurrence","Visit 3",44818519,"Follow-up visit","OMOP:44818519"
"v4_md_diagnosed_myocardial_infarction","History of MI(REGARDS model) at Visit 4","INT",,,,,,,,,,,,"SNOMED:399211009","History of myocardial infarction",4163874,,,,,,,"Condition_Occurrence","Visit 4",44818519,"Follow-up visit","OMOP:44818519"
"v4_history_of_myocardial_infarction","History of Myocardial Infarction at Visit 4","INT",,"0=No|1=Yes",,,,,,,"SNOMED:373067005|SNOMED:373066001","No|Yes","4188540|4188539","SNOMED:399211009","History of myocardial infarction",4163874,,,,,,,"Condition_Occurrence","Visit 4",44818519,"Follow-up visit","OMOP:44818519"
"scrambled_cohort_visit_id","Scrambled Cohort Visit ID","STR",,,,,,,,,,,,"LOINC:82787-3","Participant identifier",42528934,,,,,,,"Observation","baseline",1006364,"Baseline time","LOINC:LP115770-2"
"recalibrated_ldl_chol_in_mgdl","RE-CALIBRATED LDL CHOL. in mg/dl","FLOAT","mg/dL",,,,,,,,,,,"SNOMED:113079009","Low density lipoprotein cholesterol measurement",4012479,,,,"milligram per deciliter","UCUM:mg/dL",8840,"Measurement","baseline",1006364,"Baseline time","LOINC:LP115770-2"
"v2_recalculated_ldlc_in_mgdl","re-calculated LDL-C in mg/dL at Visit 2","FLOAT","mg/dL",,,,,,,,,,,"SNOMED:113079009","Low density lipoprotein cholesterol measurement",4012479,,,,"milligram per deciliter","UCUM:mg/dL",8840,"Measurement","Visit 2",44818519,"Follow-up visit","OMOP:44818519"
"recalibrated_ldl_cholesterol_in_mgdl","Re-Calibrated LDL Cholesterol in mg/dL","FLOAT","mg/dL",,,,,,,,,,,"SNOMED:113079009","Low density lipoprotein cholesterol measurement",4012479,,,,"milligram per deciliter","UCUM:mg/dL",8840,"Measurement","baseline",1006364,"Baseline time","LOINC:LP115770-2"
"v4_recalculated_ldl_cholesterol","Recalculated LDL Cholesterol at visit 4","FLOAT","mg/dL",,,,,,,,,,,"SNOMED:113079009","Low density lipoprotein cholesterol measurement",4012479,,,,"milligram per deciliter","UCUM:mg/dL",8840,"Measurement","Visit 4",44818519,"Follow-up visit","OMOP:44818519"
"ldlcccholesterol_calculated_mgdl","LDLCC-Cholesterol calculated (mg/dL)","FLOAT","mg/dL",,,,,,,,,,,"SNOMED:113079009","Low density lipoprotein cholesterol measurement",4012479,,,,"milligram per deciliter","UCUM:mg/dL",8840,"Measurement","baseline",1006364,"Baseline time","LOINC:LP115770-2"
"lvh_present_by_cornell_definition","Left ventricular hypertrophy","INT",,"0=No|1=Yes",,,,,,,"SNOMED:373067005|SNOMED:373066001","No|Yes","4188540|4188539","SNOMED:56246009","Hypertrophy",4210465,"Entire left cardiac ventricle","SNOMED:244385005",4087562,,,,"Condition_Occurrence","baseline",1006364,"Baseline time","LOINC:LP115770-2"
"race_from_ftra23","Race","INT",,,,,,,,,,,,"SNOMED:103579009","Race",4013886,,,,,,,"Observation","baseline",1006364,"Baseline time","LOINC:LP115770-2"
"sex_from_ftra22","Participant gender(0=Female, 1=Male)","INT",,"0=Female|1=Male",,,,,,,"SNOMED:248152002|SNOMED:248153007","Female|Male","442986|442985","LOINC:76689-9","Sex assigned at birth",46235213,,,,,,,"Observation","baseline",1006364,"Baseline time","LOINC:LP115770-2"
"sodium_mg","Sodium intake (mg/day)","FLOAT","mg",,,,,,,,,,,"SNOMED:1148504005","Sodium intake",606729,,,,"milligram","UCUM:mg",8576,"Observation","baseline",1006364,"Baseline time","LOINC:LP115770-2"
"used_statin_at_visit_1_last_2weeks_0no_1yes_based_on_2004_med_code","Taking statin in last 2 weeks at Visit 1 baseline","INT",,"0=No|1=Yes",,,,,,,"SNOMED:373067005|SNOMED:373066001","No|Yes","4188540|4188539","SNOMED:4371000175109","High-intensity statin therapy",763194,"2 weeks","loinc:LP6931-2",1029797,,,,"Drug_Exposure","baseline",1006364,"Baseline time","LOINC:LP115770-2"
"used_statin_at_visit_2_last_2weeks_0no_1yes_based_on_2004_med_code","Taking statin in last 2 weeks at Visit 2","INT",,"0=No|1=Yes",,,,,,,"SNOMED:373067005|SNOMED:373066001","No|Yes","4188540|4188539","SNOMED:4371000175109","High-intensity statin therapy",763194,"2 weeks","loinc:LP6931-2",1029797,,,,"Drug_Exposure","visit_2",44818519,"Follow-up visit","OMOP:44818519"
"used_statin_at_visit_3_last_2weeks_0no_1yes_based_on_2004_med_code","Taking statin in last 2 weeks at Visit 3","INT",,"0=No|1=Yes",,,,,,,"SNOMED:373067005|SNOMED:373066001","No|Yes","4188540|4188539","SNOMED:4371000175109","High-intensity statin therapy",763194,"2 weeks","loinc:LP6931-2",1029797,,,,"Drug_Exposure","visit_3",44818519,"Follow-up visit","OMOP:44818519"
"2nd_and_3rd_systolic_bp_average_q21","Seated systolic blood pressure (MM HG)","FLOAT","mmHg",,,,,,,,,,,"SNOMED:407554009","Sitting systolic blood pressure",4232915,,,,"millimeter of mercury","UCUM:mm[Hg]",8876,"Measurement","baseline",1006364,"Baseline time","LOINC:LP115770-2"
"2nd_and_3rd_systolic_bp_average_q22","Seated systolic blood pressure (MM HG)","FLOAT","mmHg",,,,,,,,,,,"SNOMED:407554009","Sitting systolic blood pressure",4232915,,,,"millimeter of mercury","UCUM:mm[Hg]",8876,"Measurement","baseline",1006364,"Baseline time","LOINC:LP115770-2"
"avg_systolic_mmhg","Seated systolic blood pressure (MM HG)","FLOAT","mmHg",,,,,,,,,,,"SNOMED:407554009","Sitting systolic blood pressure",4232915,,,,"millimeter of mercury","UCUM:mm[Hg]",8876,"Measurement","baseline",1006364,"Baseline time","LOINC:LP115770-2"
"total_cholesterol_mgdl","TOTAL CHOLESTEROL (MG-DL)","FLOAT","MG-DL",,,,,,,,,,,"LOINC:2093-3","Total Cholesterol [Mass/volume] in Serum or Plasma",3027114,,,,"milligram per deciliter","UCUM:mg/dL",8840,"Measurement","baseline",1006364,"Baseline time","LOINC:LP115770-2"
"cholesterol_value_q1a","CHOLESTEROL (VALUE) Q1A","FLOAT","mg/dL",,,,,,,,,,,"LOINC:2093-3","Total Cholesterol [Mass/volume] in Serum or Plasma",3027114,,,,"milligram per deciliter","UCUM:mg/dL",8840,"Measurement","baseline",1006364,"Baseline time","LOINC:LP115770-2"
"cholesterol_value_in_mgdl_q1a","CHOLESTEROL (VALUE IN MG/DL) Q1A","FLOAT","mg/dL",,,,,,,,,,,"LOINC:2093-3","Total Cholesterol [Mass/volume] in Serum or Plasma",3027114,,,,"milligram per deciliter","UCUM:mg/dL",8840,"Measurement","baseline",1006364,"Baseline time","LOINC:LP115770-2"
"triglyceride_value_q2a","TRIGLYCERIDE (VALUE)Q2A","FLOAT","mg/dL",,,,,,,,,,,"SNOMED:14740000","Triglycerides measurement",4032789,,,,"milligram per deciliter","UCUM:mg/dL",8840,"Measurement","baseline",1006364,"Baseline time","LOINC:LP115770-2"
"triglyceride_value_in_mgdl_q2a","TRIGLYCERIDE (VALUE IN MG/DL) Q2A","FLOAT","mg/dL",,,,,,,,,,,"SNOMED:14740000","Triglycerides measurement",4032789,,,,"milligram per deciliter","UCUM:mg/dL",8840,"Measurement","baseline",1006364,"Baseline time","LOINC:LP115770-2"
"total_triglycerides_mgdl","Total Triglycerides (mg/dL)","FLOAT","mg/dL",,,,,,,,,,,"SNOMED:14740000","Triglycerides measurement",4032789,,,,"milligram per deciliter","UCUM:mg/dL",8840,"Measurement","baseline",1006364,"Baseline time","LOINC:LP115770-2"
"consumed_string_or_green_beans_q15","CONSUMED STRING OR GREEN BEANS per week","INT","servings/week",,,,,,,,,,,"SNOMED:226448008","Vegetable intake",4025582,,,,"per week","UCUM:/w",44777559,"Observation","baseline",1006364,"Baseline time","LOINC:LP115770-2"
"consumed_broccoli_q16","CONSUMED BROCCOLI per wee","INT","servings/week",,,,,,,,,,,"SNOMED:226448008","Vegetable intake",4025582,,,,"per week","UCUM:/w",44777559,"Observation","baseline",1006364,"Baseline time","LOINC:LP115770-2"
"cabbage_cauliflwr_brus_sprouts_q17","Consumed CABBAGE, CAULIFLWR, BRUS SPROUTS per week","INT","servings/week",,,,,,,,,,,"SNOMED:226448008","Vegetable intake",4025582,,,,"per week","UCUM:/w",44777559,"Observation","baseline",1006364,"Baseline time","LOINC:LP115770-2"
"consumed_carrots_q18","CONSUMED CARROTS per week","INT","servings/week",,,,,,,,,,,"SNOMED:226448008","Vegetable intake",4025582,,,,"per week","UCUM:/w",44777559,"Observation","baseline",1006364,"Baseline time","LOINC:LP115770-2"
"consumed_corn_q19","CONSUMED CORN per wee","INT","servings/week",,,,,,,,,,,"SNOMED:226448008","Vegetable intake",4025582,,,,"per week","UCUM:/w",44777559,"Observation","baseline",1006364,"Baseline time","LOINC:LP115770-2"
"spinach_collards_greens_q20","Consumed SPINACH, COLLARDS, GREENS per week","INT","servings/week",,,,,,,,,,,"SNOMED:226448008","Vegetable intake",4025582,,,,"per week","UCUM:/w",44777559,"Observation","baseline",1006364,"Baseline time","LOINC:LP115770-2"
"consumed_peas_or_lima_beans_q21","CONSUMED PEAS OR LIMA BEANS per week","INT","servings/week",,,,,,,,,,,"SNOMED:226448008","Vegetable intake",4025582,,,,"per week","UCUM:/w",44777559,"Observation","baseline",1006364,"Baseline time","LOINC:LP115770-2"
"consumed_dark_yellow_squash_q22","CONSUMED DARK YELLOW SQUASH per week","INT","servings/week",,,,,,,,,,,"SNOMED:226448008","Vegetable intake",4025582,,,,"per week","UCUM:/w",44777559,"Observation","baseline",1006364,"Baseline time","LOINC:LP115770-2"
"consumed_sweet_potatoes_q23","CONSUMED SWEET POTATOES per week","INT","servings/week",,,,,,,,,,,"SNOMED:226448008","Vegetable intake",4025582,,,,"per week","UCUM:/w",44777559,"Observation","baseline",1006364,"Baseline time","LOINC:LP115770-2"
"consumed_beans_or_lentils_q24","CONSUMED BEANS OR LENTILS per week","INT","servings/week",,,,,,,,,,,"SNOMED:226448008","Vegetable intake",4025582,,,,"per week","UCUM:/w",44777559,"Observation","baseline",1006364,"Baseline time","LOINC:LP115770-2"
"consumed_tomatoes_q25","CONSUMED TOMATOES per week","INT","servings/week",,,,,,,,,,,"SNOMED:226448008","Vegetable intake",4025582,,,,"per week","UCUM:/w",44777559,"Observation","baseline",1006364,"Baseline time","LOINC:LP115770-2"
"weight_to_the_nearest_lb_q4","WEIGHT TO THE NEAREST in LB","FLOAT","lb",,,,,,,,,,,"mesh:D001835","Body weight",1036720,,,,"pound (US)","UCUM:[lb_us]",8739,"Measurement","baseline",1006364,"Baseline time","LOINC:LP115770-2"
"weight_to_nearest_lb_q1","WEIGHT TO NEAREST in LB","FLOAT","lb",,,,,,,,,,,"mesh:D001835","Body weight",1036720,,,,"pound (US)","UCUM:[lb_us]",8739,"Measurement","baseline",1006364,"Baseline time","LOINC:LP115770-2"
"weight_to_nearest_lb_q2","WEIGHT TO NEAREST in lb","FLOAT","lb",,,,,,,,,,,"mesh:D001835","Body weight",1036720,,,,"pound (US)","UCUM:[lb_us]",8739,"Measurement","baseline",1006364,"Baseline time","LOINC:LP115770-2"
"weight_kg","Weight (kg)","FLOAT","kg",,,,,,,,,,,"mesh:D001835","Body weight",1036720,,,,"kilogram","UCUM:kg",9529,"Measurement","baseline",1006364,"Baseline time","LOINC:LP115770-2"
"MEDICATION_CONCENTRATION_Q4M01A","Taking insulin","INT",,"0=No|1=Yes",,,,,,,"SNOMED:373067005|SNOMED:373066001","No|Yes","4188540|4188539","Snomed:161649006","History of insulin therapy",3443891,,,,,,,"Observation","baseline",1006364,"Baseline time","LOINC:LP115770-2"
