source_study,target_study,text1,text2,class_label,cosine,rank,mrr,candidate_pool_size,r@1,r@3,r@5,r@10
aachen-hf,aric,History of atrial fibrillation,Atrial fibrillation,identical match,0.72309,1,1.0,26,True,True,True,True
aachen-hf,aric,age at visit,AGE AT VISIT 1 (baseline),identical match,0.84586,1,1.0,26,True,True,True,True
aachen-hf,aric,History of stroke,Stroke status,partial match,0.78645,1,1.0,26,True,True,True,True
aachen-hf,aric,History of stroke,Transient ischemic attack status,partial match,0.46344,2,0.5,26,False,True,True,True
aachen-hf,aric,body mass index,Body mass index (kg/m2),identical match,0.87862,1,1.0,26,True,True,True,True
aachen-hf,aric,History of peripheral artery disease,Intermittent claudication: symptom of peripheral artery disease,partial match,0.6233,1,1.0,26,True,True,True,True
aachen-hf,aric,creatinine,Creatinine (mg/dL),compatible match,0.82796,1,1.0,26,True,True,True,True
aachen-hf,aric,Smoking status,CURRENT CIGARETTE SMOKER,partial match,0.84905,1,1.0,26,True,True,True,True
aachen-hf,aric,History of diabetes,DIABETES with fasting glucose,identical match,0.75006,1,1.0,26,True,True,True,True
aachen-hf,aric,History of diabetes,DIABETES using 126 mg/dL CGM Reading,identical match,0.56898,2,0.5,26,False,True,True,True
aachen-hf,aric,History of diabetes,Diabetes fasting plasma glucose (FPG) of 126 mg/dL or higher,identical match,0.54979,3,0.3333333333333333,26,False,True,True,True
aachen-hf,aric,HDL-cholesterol,RE-CALIBRATED HDL CHOL. in mg/dl,compatible match,0.75119,3,0.3333333333333333,26,False,True,True,True
aachen-hf,aric,HDL-cholesterol,HDL cholesterol,compatible match,0.98497,1,1.0,26,True,True,True,True
aachen-hf,aric,HDL-cholesterol,HDLC-Cholesterol (mg/dL),compatible match,0.86502,2,0.5,26,False,True,True,True
aachen-hf,aric,Height,Standing height (to the nearest cm),identical match,0.57519,2,0.5,26,False,True,True,True
aachen-hf,aric,Height,Standing height (cm),identical match,0.64503,1,1.0,26,True,True,True,True
aachen-hf,aric,History of myocardial infarction,HISTORY OF MYOCARDIAL INFARCTION,identical match,1.0,1,1.0,26,True,True,True,True
aachen-hf,aric,LDL-cholesterol,RE-CALIBRATED LDL CHOL. in mg/dl,compatible match,0.75771,4,0.25,26,False,False,True,True
aachen-hf,aric,LDL-cholesterol,Re-Calibrated LDL Cholesterol in mg/dL,compatible match,0.7468,5,0.2,26,False,False,True,True
aachen-hf,aric,LDL-cholesterol,LDLCC-Cholesterol calculated (mg/dL),compatible match,0.81427,3,0.3333333333333333,26,False,True,True,True
aachen-hf,aric,sex,"Participant gender(0=Female, 1=Male)",compatible match,0.32271,1,1.0,26,True,True,True,True
aachen-hf,aric,Systolic Blood pressure (sbp) at baseline recumbent position,systolic blood pressure,identical match,0.69427,1,1.0,26,True,True,True,True
aachen-hf,aric,weight,WEIGHT TO THE NEAREST in LB,compatible match,0.71436,2,0.5,26,False,True,True,True
aachen-hf,aric,weight,WEIGHT TO NEAREST in LB,compatible match,0.70493,3,0.3333333333333333,26,False,True,True,True
aachen-hf,aric,weight,WEIGHT TO NEAREST in lb,compatible match,0.70493,3,0.3333333333333333,26,False,True,True,True
aachen-hf,aric,weight,Weight (kg),identical match,0.83376,1,1.0,26,True,True,True,True
adni,nacc,first allele of the APOE gene,Combined genotype showing both alleles of the apolipoprotein E (APOE) gene,identical match,0.5126,1,1.0,196,True,True,True,True
adni,nacc,second allele of the APOE gene,Combined genotype showing both alleles of the apolipoprotein E (APOE) gene,identical match,0.54099,1,1.0,196,True,True,True,True
adni,nacc,Participant ID,Subject ID number,identical match,0.72374,1,1.0,196,True,True,True,True
adni,nacc,A-beta 1-42 in CSF,Cerebrospinal fluid amyloid-beta 42 (CSF ABETA),identical match,0.76764,1,1.0,196,True,True,True,True
adni,nacc,Visit code,UDS visit number (order),identical match,0.41841,1,1.0,196,True,True,True,True
adni,nacc,Age,Age,identical match,1.0,1,1.0,196,True,True,True,True
adni,nacc,Participant Gender ( 1=Male;2=Female),Subject 's sex,identical match,0.57474,1,1.0,196,True,True,True,True
adni,nacc,Education,Years of education,identical match,0.51601,1,1.0,196,True,True,True,True
adni,nacc,Race (1=American Indian or Alaskan Native; 2=Asian; 3=Native Hawaiian or Other Pacific Islander; 4=Black or African American; 5=White; 6=More than one race; 7=Unknown),Race,identical match,0.61234,1,1.0,196,True,True,True,True
adni,nacc,Marital  status (1=Married; 2=Widowed; 3=Divorced; 4=Never married; 5=Unknown),Marital status,identical match,0.7712,1,1.0,196,True,True,True,True
adni,nacc,"Average FDG-PET (F-Fluorodeoxyglucose (FDG) PET) of angular, temporal, and posterior cingulate",FDG-PET pattern of AD,identical match,0.31562,116,0.008620689655172414,196,False,False,False,False
adni,nacc,Reference region - florbetapir mean of whole cerebellum. Regions defined by Freesurfer; see Jagust lab PDF on LONI for details,Abnormally elevated amyloid on PET,identical match,0.05738,170,0.0058823529411764705,196,False,False,False,False
adni,nacc,Clinical Dementia Rating (CDR) Sum of Boxes.,CDR® sum of boxes,identical match,0.6114,1,1.0,196,True,True,True,True
adni,nacc,Mini-Mental State Examination (MMSE),Total MMSE score (using D-L-R-O-W),identical match,0.74307,1,1.0,196,True,True,True,True
adni,nacc,Participant diagnosis,"Primary etiologic diagnosis (MCI); impaired, not MCI; or dementia",identical match,0.41247,2,0.5,196,False,True,True,True
adni,nacc,Montreal Cognitive Assessment (MoCA),MoCA Total Raw Score ??uncorrected,identical match,0.56485,2,0.5,196,False,True,True,True
adni,nacc,CSF PTAU (Cerebrospinal fluid (CSF) phosphorylated tau (p-tau),Phosphorylated Tau Protein Measurement,identical match,0.7507,1,1.0,196,True,True,True,True
adni,amed,Participant ID,patient id,identical match,0.77943,1,1.0,62,True,True,True,True
adni,amed,Visit code,Visit Number,identical match,0.7566,1,1.0,62,True,True,True,True
adni,amed,Age,Age,identical match,1.0,1,1.0,62,True,True,True,True
adni,amed,Participant Gender ( 1=Male;2=Female),Participant Gender,identical match,0.84716,1,1.0,62,True,True,True,True
adni,amed,Education,Participant Education,identical match,0.77682,1,1.0,62,True,True,True,True
adni,amed,Marital  status (1=Married; 2=Widowed; 3=Divorced; 4=Never married; 5=Unknown),Participant Marital Status,identical match,0.79266,1,1.0,62,True,True,True,True
adni,amed,Height,participant height,identical match,0.87298,1,1.0,62,True,True,True,True
adni,amed,weight,participant weight,identical match,0.87308,1,1.0,62,True,True,True,True
adni,amed,Type of Participant residence (1=House (owned or rented); 2=Condo/Co-op (owned); 3=Apartment (rented); 4=Mobile Home; 5=Retirement Community; 6=Assisted Living; 7=Skilled Nursing Facility; 8=Other (specify),Type of Participant residence,identical match,0.56263,1,1.0,62,True,True,True,True
adni,amed,"If yes, did/does biological mother have Alzheimer's Disease (0=No;1=Yes)?",family history: dimentia mother,identical match,0.29896,9,0.1111111111111111,62,False,False,False,True
adni,amed,"If yes, did/does biological father have Alzheimer's Disease? (0=No;1=Yes)",family history: dimentia father,identical match,0.32013,7,0.14285714285714285,62,False,False,False,True
adni,amed,history of drug abuse (1=Yes; 0=No),Does the participant have a history of alcohol or substance abuse or dependence within the past 2 years (DSM IV criteria)?,identical match,0.41265,1,1.0,62,True,True,True,True
adni,amed,history of alchol abuse (1=Yes; 0=No),Does the participant have a history of alcohol or substance abuse or dependence within the past 2 years (DSM IV criteria)?,identical match,0.45176,1,1.0,62,True,True,True,True
adni,amed,"Average FDG-PET (F-Fluorodeoxyglucose (FDG) PET) of angular, temporal, and posterior cingulate",Average FDG-PET score,identical match,0.56516,1,1.0,62,True,True,True,True
adni,epad,Participant ID,Patient ID,identical match,0.77943,1,1.0,45,True,True,True,True
adni,epad,Visit code,Visit Number,identical match,0.7566,1,1.0,45,True,True,True,True
adni,epad,Participant Gender ( 1=Male;2=Female),What is the sex of the subject?,identical match,0.60326,1,1.0,45,True,True,True,True
adni,epad,Age,What is the subject's age?,identical match,0.83562,1,1.0,45,True,True,True,True
adni,epad,Education,Number of years of formal education,identical match,0.33692,4,0.25,45,False,False,True,True
adni,epad,Marital  status (1=Married; 2=Widowed; 3=Divorced; 4=Never married; 5=Unknown),Marital status,identical match,0.7712,1,1.0,45,True,True,True,True
adni,epad,Ethnicity (1=Hispanic or Latino; 2=Not Hispanic or Latino; 3=Unknown),What is the ethnicity of the subject?,identical match,0.65251,1,1.0,45,True,True,True,True
adni,epad,Genotype - Allele 1,Genotype - Allele 1,identical match,1.0,1,1.0,45,True,True,True,True
adni,epad,Genotype - Allele 1,Genotype - Allele 2,identical match,0.51794,2,0.5,45,False,True,True,True
adni,amed,Participant diagnosis,Pre-visit Diagnosis,identical match,0.64174,1,1.0,62,True,True,True,True
adni,epad,Participant diagnosis,Dementia diagnosed by the participant's physician?,identical match,0.45912,1,1.0,45,True,True,True,True
adni,epad,Clinical Dementia Rating (CDR) scale (0.0=0.0;0.5=0.5;1.0=1.0;2.0=2.0;3.0=3.0),Global CDR Score,identical match,0.42337,2,0.5,45,False,True,True,True
adni,epad,Clinical Dementia Rating (CDR) Memory (0.0=0.0;0.5=0.5;1.0=1.0;2.0=2.0;3.0=3.0),Memory,identical match,0.558,1,1.0,45,True,True,True,True
adni,epad,Clinical Dementia Rating (CDR) Orientation (0.0=0.0;0.5=0.5;1.0=1.0;2.0=2.0;3.0=3.0),Orientation,identical match,0.59313,1,1.0,45,True,True,True,True
adni,epad,Clinical Dementia Rating (CDR) Judgment and problem solving (0.0=0.0;0.5=0.5;1.0=1.0;2.0=2.0;3.0=3.0),Judgement and Problem Solving,identical match,0.47603,2,0.5,45,False,True,True,True
adni,epad,Clinical Dementia Rating (CDR) Community affairs,Community Affairs,identical match,0.48422,1,1.0,45,True,True,True,True
adni,epad,Clinical Dementia Rating (CDR) Home and hobbies (0.0=0.0;0.5=0.5;1.0=1.0;2.0=2.0;3.0=3.0),Home and Hobbies,identical match,0.53463,1,1.0,45,True,True,True,True
adni,epad,Clinical Dementia Rating (CDR) Personal care (0.0=0.0;0.5=0.5;1.0=1.0;2.0=2.0;3.0=3.0),Personal Care,identical match,0.59193,1,1.0,45,True,True,True,True
adni,epad,Clinical Dementia Rating (CDR) Sum of Boxes.,CDR Sum of Boxes,identical match,0.58768,1,1.0,45,True,True,True,True
adni,amed,Clinical Dementia Rating (CDR) scale (0.0=0.0;0.5=0.5;1.0=1.0;2.0=2.0;3.0=3.0),Global CDR,identical match,0.15529,37,0.02702702702702703,62,False,False,False,False
adni,amed,Clinical Dementia Rating (CDR) Memory (0.0=0.0;0.5=0.5;1.0=1.0;2.0=2.0;3.0=3.0),Score <!--Memory-->,identical match,0.66218,1,1.0,62,True,True,True,True
adni,amed,Clinical Dementia Rating (CDR) Orientation (0.0=0.0;0.5=0.5;1.0=1.0;2.0=2.0;3.0=3.0),Score <!--Orientation-->,identical match,0.72392,1,1.0,62,True,True,True,True
adni,amed,Clinical Dementia Rating (CDR) Judgment and problem solving (0.0=0.0;0.5=0.5;1.0=1.0;2.0=2.0;3.0=3.0),Score <!--Judgment and Problem Solving-->,identical match,0.59942,1,1.0,62,True,True,True,True
adni,amed,Clinical Dementia Rating (CDR) Community affairs,Score <!--Community Affairs-->,identical match,0.49923,2,0.5,62,False,True,True,True
adni,amed,Clinical Dementia Rating (CDR) Home and hobbies (0.0=0.0;0.5=0.5;1.0=1.0;2.0=2.0;3.0=3.0),Score <!--Home and Hobbies-->,identical match,0.65567,1,1.0,62,True,True,True,True
adni,amed,Clinical Dementia Rating (CDR) Personal care (0.0=0.0;0.5=0.5;1.0=1.0;2.0=2.0;3.0=3.0),Score <!--Personal Care-->,identical match,0.59438,1,1.0,62,True,True,True,True
adni,amed,Clinical Dementia Rating (CDR) Sum of Boxes.,Sum of Boxes,identical match,0.55304,1,1.0,62,True,True,True,True
adni,nacc,Clinical Dementia Rating (CDR) scale (0.0=0.0;0.5=0.5;1.0=1.0;2.0=2.0;3.0=3.0),Global CDR®,identical match,0.13938,159,0.006289308176100629,196,False,False,False,False
adni,nacc,Clinical Dementia Rating (CDR) Memory (0.0=0.0;0.5=0.5;1.0=1.0;2.0=2.0;3.0=3.0),Memory,identical match,0.558,1,1.0,196,True,True,True,True
adni,nacc,Clinical Dementia Rating (CDR) Orientation (0.0=0.0;0.5=0.5;1.0=1.0;2.0=2.0;3.0=3.0),Orientation,identical match,0.59313,1,1.0,196,True,True,True,True
adni,nacc,Clinical Dementia Rating (CDR) Judgment and problem solving (0.0=0.0;0.5=0.5;1.0=1.0;2.0=2.0;3.0=3.0),Judgment and problem-solving,identical match,0.49449,2,0.5,196,False,True,True,True
adni,nacc,Clinical Dementia Rating (CDR) Community affairs,Community affairs,identical match,0.48422,1,1.0,196,True,True,True,True
adni,nacc,Clinical Dementia Rating (CDR) Home and hobbies (0.0=0.0;0.5=0.5;1.0=1.0;2.0=2.0;3.0=3.0),Home and hobbies,identical match,0.53463,1,1.0,196,True,True,True,True
adni,nacc,Clinical Dementia Rating (CDR) Personal care (0.0=0.0;0.5=0.5;1.0=1.0;2.0=2.0;3.0=3.0),Personal care,identical match,0.59193,1,1.0,196,True,True,True,True
adni,epad,Are you basically satisfied with your life? (1=Yes(0); 0=No(1),Are you basically satisfied with your life?,identical match,0.93554,1,1.0,45,True,True,True,True
adni,epad,Have you dropped many of your activities and interests?,Have you dropped many of your activities and interests?,identical match,1.0,1,1.0,45,True,True,True,True
adni,epad,Do you feel that your life is empty?,Do you feel that your life is empty?,identical match,1.0,1,1.0,45,True,True,True,True
adni,epad,Do you often get bored?,Do you often get bored?,identical match,1.0,1,1.0,45,True,True,True,True
adni,epad,Are you in good spirits most of the time?,Are you in good spirits most of the time?,identical match,1.0,1,1.0,45,True,True,True,True
adni,epad,Are you afraid that something bad is going to happen to you?,Are you afraid that something bad is going to happen to you?,identical match,1.0,1,1.0,45,True,True,True,True
adni,epad,Do you feel happy most of the time?,Do you feel happy most of the time?,identical match,1.0,1,1.0,45,True,True,True,True
adni,epad,Do you often feel helpless?,Do you often feel helpless?,identical match,1.0,1,1.0,45,True,True,True,True
adni,epad,"Do you prefer to stay at home, rather than going out and doing new things?","Do you prefer to stay at home, rather than going out and doing new things?",identical match,1.0,1,1.0,45,True,True,True,True
adni,epad,Do you feel you have more problems with memory than most?,Do you feel you have more problems with memory than most?,identical match,1.0,1,1.0,45,True,True,True,True
adni,epad,Do you think its wonderful to be alive now?,Do you think it is wonderful to be alive now?,identical match,0.99663,1,1.0,45,True,True,True,True
adni,epad,Do you feel pretty worthless the way you are now?,Do you feel pretty worthless the way you are now?,identical match,1.0,1,1.0,45,True,True,True,True
adni,epad,Do you feel full of energy?,Do you feel full of energy?,identical match,1.0,1,1.0,45,True,True,True,True
adni,epad,Do you feel that your situation is hopeless?,Do you feel that your situation is hopeless?,identical match,1.0,1,1.0,45,True,True,True,True
adni,epad,Do you think that most people are better off than you are?,Do you think that most people are better off than you are?,identical match,1.0,1,1.0,45,True,True,True,True
adni,epad,Geriatric Depression Scale (GDS),Geriatric Depression Scale (GDS) Total Score,identical match,0.82407,1,1.0,45,True,True,True,True
adni,nacc,Are you basically satisfied with your life? (1=Yes(0); 0=No(1),Are you basically satisfied with your life?,identical match,0.93554,1,1.0,196,True,True,True,True
adni,nacc,Have you dropped many of your activities and interests?,Have you dropped many of your activities and interests?,identical match,1.0,1,1.0,196,True,True,True,True
adni,nacc,Do you feel that your life is empty?,Do you feel that your life is empty?,identical match,1.0,1,1.0,196,True,True,True,True
adni,nacc,Do you often get bored?,Do you often get bored?,identical match,1.0,1,1.0,196,True,True,True,True
adni,nacc,Are you in good spirits most of the time?,Are you in good spirits most of the time?,identical match,1.0,1,1.0,196,True,True,True,True
adni,nacc,Are you afraid that something bad is going to happen to you?,Are you afraid that something bad is going to happen to you?,identical match,1.0,1,1.0,196,True,True,True,True
adni,nacc,Do you feel happy most of the time?,Do you feel happy most of the time?,identical match,1.0,1,1.0,196,True,True,True,True
adni,nacc,Do you often feel helpless?,Do you often feel helpless?,identical match,1.0,1,1.0,196,True,True,True,True
adni,nacc,"Do you prefer to stay at home, rather than going out and doing new things?","Do you prefer to stay at home, rather than going out and doing new things?",identical match,1.0,1,1.0,196,True,True,True,True
adni,nacc,Do you feel you have more problems with memory than most?,Do you feel you have more problems with memory than most?,identical match,1.0,1,1.0,196,True,True,True,True
adni,nacc,Do you think its wonderful to be alive now?,Do you think it is wonderful to be alive now?,identical match,0.99663,1,1.0,196,True,True,True,True
adni,nacc,Do you feel pretty worthless the way you are now?,Do you feel pretty worthless the way you are now?,identical match,1.0,1,1.0,196,True,True,True,True
adni,nacc,Do you feel full of energy?,Do you feel full of energy?,identical match,1.0,1,1.0,196,True,True,True,True
adni,nacc,Do you feel that your situation is hopeless?,Do you feel that your situation is hopeless?,identical match,1.0,1,1.0,196,True,True,True,True
adni,nacc,Do you think that most people are better off than you are?,Do you think that most people are better off than you are?,identical match,1.0,1,1.0,196,True,True,True,True
adni,nacc,Geriatric Depression Scale (GDS),Total GDS Score,identical match,0.63556,1,1.0,196,True,True,True,True
adni,amed,Are you basically satisfied with your life? (1=Yes(0); 0=No(1),1. Are you basically satisfied with your life?,identical match,0.86369,1,1.0,62,True,True,True,True
adni,amed,Have you dropped many of your activities and interests?,2. Have you dropped many of your activities and interests?,identical match,0.85057,1,1.0,62,True,True,True,True
adni,amed,Do you feel that your life is empty?,3. Do you feel that your life is empty?,identical match,0.82688,1,1.0,62,True,True,True,True
adni,amed,Do you often get bored?,4. Do you often get bored?,identical match,0.77832,1,1.0,62,True,True,True,True
adni,amed,Are you in good spirits most of the time?,5. Are you in good spirits most of the time?,identical match,0.81392,1,1.0,62,True,True,True,True
adni,amed,Are you afraid that something bad is going to happen to you?,6. Are you afraid that something bad is going to happen to you?,identical match,0.80366,1,1.0,62,True,True,True,True
adni,amed,Do you feel happy most of the time?,7. Do you feel happy most of the time?,identical match,0.76497,1,1.0,62,True,True,True,True
adni,amed,Do you often feel helpless?,8. Do you often feel helpless?,identical match,0.80898,1,1.0,62,True,True,True,True
adni,amed,"Do you prefer to stay at home, rather than going out and doing new things?","9. Do you prefer to stay at home, rather than going out and doing new things?",identical match,0.75996,1,1.0,62,True,True,True,True
adni,amed,Do you feel you have more problems with memory than most?,10. Do you feel you have more problems with memory than most?,identical match,0.85224,1,1.0,62,True,True,True,True
adni,amed,Do you think its wonderful to be alive now?,11. Do you think its wonderful to be alive now?,identical match,0.71333,1,1.0,62,True,True,True,True
adni,amed,Do you feel pretty worthless the way you are now?,12. Do you feel pretty worthless the way you are now?,identical match,0.75035,1,1.0,62,True,True,True,True
adni,amed,Do you feel full of energy?,13. Do you feel full of energy?,identical match,0.80289,1,1.0,62,True,True,True,True
adni,amed,Do you feel that your situation is hopeless?,14. Do you feel that your situation is hopeless?,identical match,0.7906,1,1.0,62,True,True,True,True
adni,amed,Do you think that most people are better off than you are?,15. Do you think that most people are better off than you are?,identical match,0.79908,1,1.0,62,True,True,True,True
adni,amed,Geriatric Depression Scale (GDS),Total Score,identical match,0.15667,35,0.02857142857142857,62,False,False,False,False
adni,amed,ADAS 11 (Alzheimer's Disease Assessment Scale 11-item),ADAS Total 11,identical match,0.64954,1,1.0,62,True,True,True,True
adni,amed,ADAS 13 (Alzheimer's Disease Assessment Scale 13-item),ADAS Total 13,identical match,0.61326,1,1.0,62,True,True,True,True
adni,nacc,"Functional Activities Questionnaire (FAQ) Writing checks, paying bills, balancing checkbook.","In the past four weeks, did the subject have any difficulty or need help with: Writing checks, paying bills, or balancing a checkbook",identical match,0.52122,1,1.0,196,True,True,True,True
adni,nacc,"Functional Activities Questionnaire (FAQ) Assembling tax records, business affairs, or papers.","In the past four weeks, did the subject have any difficulty or need help with: Assembling tax records, business affairs, or other paper",identical match,0.45526,1,1.0,196,True,True,True,True
adni,nacc,"Functional Activities Questionnaire (FAQ) Shopping alone for clothes, household necessities, or groceries.","In the past four weeks, did the subject have any difficulty or need help with: Shopping alone for clothes, household necessities, or groceries",identical match,0.5274,1,1.0,196,True,True,True,True
adni,nacc,"Functional Activities Questionnaire (FAQ) Playing a game of skill, working on a hobby.","In the past four weeks, did the subject have any difficulty or need help with: Playing a game of skill such as bridge or chess, working on a hobby",identical match,0.44457,1,1.0,196,True,True,True,True
adni,nacc,"Functional Activities Questionnaire (FAQ) Heating water, making a cup of coffee, turning off stove after use.","In the past four weeks, did the subject have any difficulty or need help with: Heating water, making a cup of coffee, turning off the stove",identical match,0.58682,1,1.0,196,True,True,True,True
adni,nacc,Functional Activities Questionnaire (FAQ) Preparing a balanced meal.,"In the past four weeks, did the subject have any difficulty or need help with: Preparing a balanced meal",identical match,0.61598,1,1.0,196,True,True,True,True
adni,nacc,Functional Activities Questionnaire (FAQ) Keeping track of current events.,"In the past four weeks, did the subject have any difficulty or need help with: Keeping track of current events",identical match,0.49105,1,1.0,196,True,True,True,True
adni,nacc,"Functional Activities Questionnaire (FAQ) Paying attention to, understanding, discussing TV, book, magazine.","In the past four weeks, did the subject have any difficulty or need help with: Paying attention to and understanding a TV program, book, or magazine",identical match,0.51502,1,1.0,196,True,True,True,True
adni,nacc,"Functional Activities Questionnaire (FAQ) Remembering appointments, family occasions, holidays, medications.","In the past four weeks, did the subject have any difficulty or need help with: Remembering appointments, family occasions, holidays, medications",identical match,0.49611,1,1.0,196,True,True,True,True
adni,nacc,"Functional Activities Questionnaire (FAQ) Traveling out of neighborhood, driving, arranging to take buses.","In the past four weeks, did the subject have any difficulty or need help with: Traveling out of the neighborhood, driving, or arranging to take public transportation",identical match,0.51806,1,1.0,196,True,True,True,True
adni,amed,"Functional Activities Questionnaire (FAQ) Writing checks, paying bills, balancing checkbook.","1. Writing checks, paying bills, or balancing checkbook.",identical match,0.61487,1,1.0,62,True,True,True,True
adni,amed,"Functional Activities Questionnaire (FAQ) Assembling tax records, business affairs, or papers.","2. Assembling tax records, business affairs, or other papers.",identical match,0.49453,1,1.0,62,True,True,True,True
adni,amed,"Functional Activities Questionnaire (FAQ) Shopping alone for clothes, household necessities, or groceries.","3. Shopping alone for clothes, household necessities, or groceries.",identical match,0.66318,1,1.0,62,True,True,True,True
adni,amed,"Functional Activities Questionnaire (FAQ) Playing a game of skill, working on a hobby.","4. Playing a game of skill such as bridge or chess, working on a hobby.",identical match,0.49185,2,0.5,62,False,True,True,True
adni,amed,"Functional Activities Questionnaire (FAQ) Heating water, making a cup of coffee, turning off stove after use.","5. Heating water, making a cup of coffee, turing off the stove.",identical match,0.6054,1,1.0,62,True,True,True,True
adni,amed,Functional Activities Questionnaire (FAQ) Preparing a balanced meal.,6. Preparing a balanced meal.,identical match,0.56581,1,1.0,62,True,True,True,True
adni,amed,Functional Activities Questionnaire (FAQ) Keeping track of current events.,7. Keeping track of current events.,identical match,0.58292,1,1.0,62,True,True,True,True
adni,amed,"Functional Activities Questionnaire (FAQ) Paying attention to, understanding, discussing TV, book, magazine.","8. Paying attention to and understanding a TV program, book, or magazine.",identical match,0.57493,1,1.0,62,True,True,True,True
adni,amed,"Functional Activities Questionnaire (FAQ) Remembering appointments, family occasions, holidays, medications.","9. Remembering appointments, family occasions, holidays, medications.",identical match,0.54199,1,1.0,62,True,True,True,True
adni,amed,"Functional Activities Questionnaire (FAQ) Traveling out of neighborhood, driving, arranging to take buses.","10. Traveling out of the neighborhood, driving, or arranging to take public transportation.",identical match,0.57802,1,1.0,62,True,True,True,True
adni,amed,Functional Activities Questionnaire (FAQ) Total Score.,Total Score,identical match,0.49192,1,1.0,62,True,True,True,True
adni,nacc,Boston Naming Test (BNT) score,Boston Naming Test (30) ??Total score,identical match,0.91236,1,1.0,196,True,True,True,True
adni,nacc,Verbal fluency tests (Semantic) Animal,Animals ??Total number of animals named in 60 seconds,identical match,0.42411,2,0.5,196,False,True,True,True
adni,nacc,Verbal fluency tests (Semantic) Vegetable or Fruits,Vegetable ??Total number of vegetables named in 60 seconds,identical match,0.51058,1,1.0,196,True,True,True,True
adni,amed,Clock Drawing Test score,Total Score,identical match,0.45886,3,0.3333333333333333,62,False,True,True,True
adni,nacc,Modified Hachinski Ischemic Scale-NACC Version (MHIS-NACC) Abrupt onset (re: cognitive status).,Abrupt onset (re: cognitive status),identical match,0.67411,1,1.0,196,True,True,True,True
adni,nacc,Modified Hachinski Ischemic Scale-NACC Version (MHIS-NACC) Stepwise deterioration (re: cognitive status).,Stepwise deterioration (re: cognitive status),identical match,0.75553,1,1.0,196,True,True,True,True
adni,nacc,Modified Hachinski Ischemic Scale-NACC Version (MHIS-NACC) Somatic complaints.,Somatic complaints,identical match,0.78207,1,1.0,196,True,True,True,True
adni,nacc,Modified Hachinski Ischemic Scale-NACC Version (MHIS-NACC) Emotional incontinence.,Emotional incontinence,identical match,0.77435,1,1.0,196,True,True,True,True
adni,nacc,Modified Hachinski Ischemic Scale-NACC Version (MHIS-NACC) History or presence of hypertension.,History or presence of hypertension,identical match,0.72584,1,1.0,196,True,True,True,True
adni,nacc,Modified Hachinski Ischemic Scale-NACC Version (MHIS-NACC) History of stroke.,History of stroke,identical match,0.76735,1,1.0,196,True,True,True,True
adni,nacc,Modified Hachinski Ischemic Scale-NACC Version (MHIS-NACC) Focal neurological symptoms.,Focal neurological symptoms,identical match,0.89123,1,1.0,196,True,True,True,True
adni,nacc,Modified Hachinski Ischemic Scale-NACC Version (MHIS-NACC) Focal neurological signs.,Focal neurological signs,identical match,0.86057,1,1.0,196,True,True,True,True
adni,nacc,Modified Hachinski Ischemic Scale-NACC Version (MHIS-NACC) Sum all circled answers for a total score.,Hachinski ischemic score,identical match,0.59364,1,1.0,196,True,True,True,True
adni,amed,Modified Hachinski Ischemic Scale-NACC Version (MHIS-NACC) Abrupt onset (re: cognitive status).,Abrupt Onset of Dementia,identical match,0.49111,1,1.0,62,True,True,True,True
adni,amed,Modified Hachinski Ischemic Scale-NACC Version (MHIS-NACC) Stepwise deterioration (re: cognitive status).,Stepwise Deterioration of Dementia,identical match,0.6716,1,1.0,62,True,True,True,True
adni,amed,Modified Hachinski Ischemic Scale-NACC Version (MHIS-NACC) Somatic complaints.,Somatic Complaints,identical match,0.78207,1,1.0,62,True,True,True,True
adni,amed,Modified Hachinski Ischemic Scale-NACC Version (MHIS-NACC) Emotional incontinence.,Emotional Incontinence,identical match,0.77435,1,1.0,62,True,True,True,True
adni,amed,Modified Hachinski Ischemic Scale-NACC Version (MHIS-NACC) History or presence of hypertension.,History of Hypertension,identical match,0.69179,1,1.0,62,True,True,True,True
adni,amed,Modified Hachinski Ischemic Scale-NACC Version (MHIS-NACC) History of stroke.,History of Stroke,identical match,0.76735,1,1.0,62,True,True,True,True
adni,amed,Modified Hachinski Ischemic Scale-NACC Version (MHIS-NACC) Focal neurological symptoms.,Focal Neurologic Symptoms,identical match,0.87749,1,1.0,62,True,True,True,True
adni,amed,Modified Hachinski Ischemic Scale-NACC Version (MHIS-NACC) Focal neurological signs.,Focal Neurologic Signs,identical match,0.84369,1,1.0,62,True,True,True,True
adni,nacc,Trail Making Test (TMT) A,Trail Making Test Part A ??Total number of seconds to complete,identical match,0.76942,1,1.0,196,True,True,True,True
adni,nacc,Trail Making Test (TMT) B,Trail Making Test Part B ??Total number of seconds to complete,identical match,0.80496,1,1.0,196,True,True,True,True
adni,nacc,Digit Span Test (Forward),Digit span forward trials correct,identical match,0.69498,1,1.0,196,True,True,True,True
adni,nacc,Digit Span Test (Backward),Digit span backward trials correct,identical match,0.68779,1,1.0,196,True,True,True,True
adni,amed,Trail Making Test (TMT) A,Trail Making Test (TMT) A,identical match,1.0,1,1.0,62,True,True,True,True
adni,amed,Trail Making Test (TMT) B,Trail Making Test (TMT) B,identical match,1.0,1,1.0,62,True,True,True,True
adni,nacc,Depression,Active depression in the last two years,identical match,0.66981,1,1.0,196,True,True,True,True
adni,nacc,Stroke,Stroke,identical match,1.0,1,1.0,196,True,True,True,True
adni,amed,Depression,Clinically relevant depression based on clinical judgement or GDS?,identical match,0.6929,1,1.0,62,True,True,True,True
adni,amed,Stroke,Did subject have a stroke?,identical match,0.80181,1,1.0,62,True,True,True,True
adni,epad,Depression,Medical History Term,identical match,0.20097,22,0.045454545454545456,45,False,False,False,False
adni,epad,Stroke,Medical History Term,identical match,0.28354,4,0.25,45,False,False,True,True
adni,epad,Parkinson Disease,High Level Group Term,identical match,0.10184,15,0.06666666666666667,45,False,False,False,False
adni,nacc,Parkinson Disease,Parkinson 's disease (PD),identical match,0.95197,1,1.0,196,True,True,True,True
adni,nacc,bipolar or Schizophrenia,Bipolar disorder,identical match,0.88558,1,1.0,196,True,True,True,True
adni,nacc,bipolar or Schizophrenia,Schizophrenia,identical match,0.66308,2,0.5,196,False,True,True,True
adni,nacc,Thyroid,Thyroid disease,identical match,0.73721,1,1.0,196,True,True,True,True
adni,nacc,Vision,"Without corrective lenses, is the subject 's vision functionally normal?",identical match,0.53593,1,1.0,196,True,True,True,True
adni,nacc,Heart Condition,Congestive heart failure,identical match,0.82715,2,0.5,196,False,True,True,True
adni,nacc,Heart Rate,Subject resting heart rate (pulse),identical match,0.70063,1,1.0,196,True,True,True,True
adni,epad,Heart Condition,Heart - Abnormal Findings,identical match,0.8388,1,1.0,45,True,True,True,True
adni,epad,Heart Rate,Heart - Results,identical match,0.62559,1,1.0,45,True,True,True,True
adni,epad,Abdominal Discomfort,Abdomen - Results,identical match,0.69313,1,1.0,45,True,True,True,True
adni,epad,Coughing,5e. Cough or snore loudly,identical match,0.56748,1,1.0,45,True,True,True,True
adni,epad,Musculoskeletal Pain,Musculoskeletal - Results,identical match,0.68692,1,1.0,45,True,True,True,True
adni,nacc,Insomnia,Hyposomnia/insomnia history reported at Initial Visit,identical match,0.6003,1,1.0,196,True,True,True,True
adni,nacc,Psychiatric,Other psychiatric disorder,identical match,0.67662,2,0.5,196,False,True,True,True
adni,nacc,Cardiovascular,Other cardiovascular disease,identical match,0.6467,1,1.0,196,True,True,True,True
adni,epad,CSF PTAU (Cerebrospinal fluid (CSF) phosphorylated tau (p-tau),amount of phosphorylated Tau protein present in a sample,identical match,0.74713,1,1.0,45,True,True,True,True
adni,epad,"CSF TAU (Is a quantification of total tau protein, a biomarker for Alzheimer's diseas)","Is a quantification of total tau protein, a biomarker for Alzheimer's disease.",identical match,0.74664,1,1.0,45,True,True,True,True
adni,epad,A-beta 1-42 in CSF,The determination of the amount of the 1-42 amino acid beta amyloid protein isoform present in a sample.,identical match,0.57966,1,1.0,45,True,True,True,True
adni,nacc,Volume (Cortical Parcellation) of Left Entorhinal,Left entorhinal gray matter volume (cc),identical match,0.75197,1,1.0,196,True,True,True,True
adni,nacc,Volume (Cortical Parcellation) of Right Entorhinal,Right entorhinal gray matter volume (cc),identical match,0.76126,1,1.0,196,True,True,True,True
adni,nacc,Volume (Cortical Parcellation) of Left Fusiform,Left fusiform gray matter volume (cc),identical match,0.74366,1,1.0,196,True,True,True,True
adni,nacc,Volume (Cortical Parcellation) of right Fusiform,Right fusiform gray matter volume (cc),identical match,0.73582,1,1.0,196,True,True,True,True
adni,nacc,Volume (Cortical Parcellation) of Left MiddleTemporal,Left middle temporal gray matter volume (cc),identical match,0.8126,1,1.0,196,True,True,True,True
adni,nacc,Volume (Cortical Parcellation) of Right MiddleTemporal,Right middle temporal gray matter volume (cc),identical match,0.78925,1,1.0,196,True,True,True,True
adni,nacc,Volume (Cortical Parcellation) of Right Pericalcarine,Right pericalcarine gray matter volume (cc),identical match,0.83433,1,1.0,196,True,True,True,True
adni,nacc,Volume (Cortical Parcellation) of Right Precentral,Right precentral gray matter volume (cc),identical match,0.77958,1,1.0,196,True,True,True,True
adni,nacc,Volume (Cortical Parcellation) of Right Rostral Middle Frontal,Right rostral middle frontal gray matter volume (cc),identical match,0.82044,1,1.0,196,True,True,True,True
adni,nacc,Volume (Cortical Parcellation) of Right Superior Parietal,Right superior parietal gray matter volume (cc),identical match,0.84142,1,1.0,196,True,True,True,True
adni,nacc,Volume (Cortical Parcellation) of Right Supramarginal,Right supramarginal gray matter volume (cc),identical match,0.79638,1,1.0,196,True,True,True,True
adni,nacc,Volume (Cortical Parcellation) of RightInsula,Right insula gray matter volume (cc),identical match,0.73442,1,1.0,196,True,True,True,True
adni,nacc,Volume (Cortical Parcellation) of Left Inferior Temporal,Left inferior temporal gray matter volume (cc),identical match,0.84004,1,1.0,196,True,True,True,True
adni,nacc,Volume (Cortical Parcellation) of Left Medial Orbitofrontal,Left medial orbitofrontal gray matter volume (cc),identical match,0.79099,1,1.0,196,True,True,True,True
adni,nacc,Volume (Cortical Parcellation) of Left Perical carine,Left pericalcarine gray matter volume (cc),identical match,0.56891,1,1.0,196,True,True,True,True
adni,nacc,Volume (Cortical Parcellation) of Left Precentral,Left precentral gray matter volume (cc),identical match,0.7919,1,1.0,196,True,True,True,True
adni,nacc,Volume (Cortical Parcellation) of Left Rostral Middle Frontal,Left rostral middle frontal gray matter volume (cc),identical match,0.79319,1,1.0,196,True,True,True,True
adni,nacc,Volume (Cortical Parcellation) of Left Supramarginal,Left supramarginal gray matter volume (cc),identical match,0.829,1,1.0,196,True,True,True,True
adni,nacc,Volume (Cortical Parcellation) of Right Inferior Temporal,Right inferior temporal gray matter volume (cc),identical match,0.80978,1,1.0,196,True,True,True,True
adni,nacc,Volume (Cortical Parcellation) of Right Medial Orbitofrontal,Right medial orbitofrontal gray matter volume (cc),identical match,0.77522,1,1.0,196,True,True,True,True
adni,nacc,Volume (Cortical Parcellation) of Left Superior Parietal,Left superior parietal gray matter volume (cc),identical match,0.85212,1,1.0,196,True,True,True,True
adni,nacc,Volume (Cortical Parcellation) of Right Postcentral,Right postcentral gray matter volume (cc),identical match,0.79851,1,1.0,196,True,True,True,True
adni,nacc,Volume (Cortical Parcellation) of Right Superior Frontat,Right superior frontal gray matter volume (cc),identical match,0.79175,1,1.0,196,True,True,True,True
adni,nacc,Right Superior Temporal Volume,Right superior temporal gray matter volume (cc),identical match,0.8195,1,1.0,196,True,True,True,True
adni,nacc,Volume (Cortical Parcellation) Left Insula,Left insula gray matter volume (cc),identical match,0.88404,1,1.0,196,True,True,True,True
adni,nacc,Volume (Cortical Parcellation) of  Left Inferior Parietal,Left inferior parietal gray matter volume (cc),identical match,0.85192,1,1.0,196,True,True,True,True
adni,nacc,Volume (Cortical Parcellation) of Left Lateral Occipital,Left lateral occipital gray matter volume (cc),identical match,0.86964,1,1.0,196,True,True,True,True
adni,nacc,Volume (Cortical Parcellation)  Left Lingual,Left lingual gray matter volume (cc),identical match,0.84482,1,1.0,196,True,True,True,True
adni,nacc,Volume (Cortical Parcellation) of Left Paracentral,Left paracentral gray matter volume (cc),identical match,0.8178,1,1.0,196,True,True,True,True
adni,nacc,Volume (Cortical Parcellation) of Left Postcentral,Left postcentral gray matter volume (cc),identical match,0.81651,1,1.0,196,True,True,True,True
adni,nacc,Volume (Cortical Parcellation) of Left Superior Frontal,Left superior frontal gray matter volume (cc),identical match,0.82415,1,1.0,196,True,True,True,True
adni,nacc,Volume (Cortical Parcellation) of Left Superior Temporal,Left superior temporal gray matter volume (cc),identical match,0.83176,1,1.0,196,True,True,True,True
adni,nacc,Volume (Cortical Parcellation) of Right Inferior Parietal,Right inferior parietal gray matter volume (cc),identical match,0.82327,1,1.0,196,True,True,True,True
adni,nacc,Volume (Cortical Parcellation) of Right Lateral Occipital,Right lateral occipital gray matter volume (cc),identical match,0.8417,1,1.0,196,True,True,True,True
adni,nacc,Volume (Cortical Parcellation) of  Right Lingual,Right lingual gray matter volume (cc),identical match,0.78296,1,1.0,196,True,True,True,True
adni,nacc,Volume (Cortical Parcellation) of  Left Pars Opercularis,Left pars opercularis gray matter volume (cc),identical match,0.81593,1,1.0,196,True,True,True,True
adni,nacc,Volume (Cortical Parcellation) of  Right Pars Opercularis,Right pars opercularis gray matter volume (cc),identical match,0.79964,1,1.0,196,True,True,True,True
adni,nacc,Volume (Cortical Parcellation) of  Left Pars Orbitalis,Left pars orbitalis gray matter volume (cc),identical match,0.8201,1,1.0,196,True,True,True,True
adni,nacc,Volume (Cortical Parcellation) of  Right Pars Orbitalis,Right pars orbitalis gray matter volume (cc),identical match,0.78598,1,1.0,196,True,True,True,True
adni,nacc,Volume (Cortical Parcellation) of  Left Pars Triangularis,Left pars triangularis gray matter volume (cc),identical match,0.82447,1,1.0,196,True,True,True,True
adni,nacc,Volume (Cortical Parcellation) of  Right Pars Triangularis,Right pars triangularis gray matter volume (cc),identical match,0.80182,1,1.0,196,True,True,True,True
adni,nacc,Volume (Cortical Parcellation) of Left Posterior Cingulate,Left posterior cingulate gray matter volume (cc),identical match,0.85851,1,1.0,196,True,True,True,True
adni,nacc,Volume (Cortical Parcellation) of Right Posterior Cingulate,Right posterior cingulate gray matter volume (cc),identical match,0.85132,1,1.0,196,True,True,True,True
adni,nacc,Volume (Cortical Parcellation) of Left Rostral Anterior Cingulate,Left rostral anterior cingulate gray matter volume (cc),identical match,0.82867,1,1.0,196,True,True,True,True
adni,nacc,Volume (Cortical Parcellation) of Right Rostral Anterior Cingulate,Right rostral anterior cingulate gray matter volume (cc),identical match,0.84251,1,1.0,196,True,True,True,True
adni,nacc,Volume (WM Parcellation) of Csf,Total brain cerebrospinal fluid volume (cc),identical match,0.80463,1,1.0,196,True,True,True,True
adni,nacc,Cortical Thickness Average of Left Caudal Anterior Cingulate,Left caudal anterior cingulate mean cortical thickness (mm),identical match,0.89051,1,1.0,196,True,True,True,True
adni,nacc,Cortical Thickness Average of Right Caudal Anterior Cingulate,Right caudal anterior cingulate mean cortical thickness (mm),identical match,0.90481,1,1.0,196,True,True,True,True
adni,nacc,Cortical Thickness Average of Left Caudal Middle Frontal,Left caudal middle frontal mean cortical thickness (mm),identical match,0.89074,1,1.0,196,True,True,True,True
adni,nacc,Cortical Thickness Average of Left Cuneus,Left cuneus mean cortical thickness (mm),identical match,0.89836,1,1.0,196,True,True,True,True
adni,nacc,Cortical Thickness Average of Right Cuneus,Right cuneus mean cortical thickness (mm),identical match,0.91535,1,1.0,196,True,True,True,True
adni,nacc,Cortical Thickness Average of Left Entorightinal,Left entorhinal mean cortical thickness (mm),identical match,0.81879,1,1.0,196,True,True,True,True
adni,nacc,Cortical Thickness Average of  Right Entorightinal,Right entorhinal mean cortical thickness (mm),identical match,0.82976,1,1.0,196,True,True,True,True
adni,nacc,Cortical Thickness Average of  Left Fusiform,Left fusiform mean cortical thickness (mm),identical match,0.85399,1,1.0,196,True,True,True,True
adni,nacc,Cortical Thickness Average of Right Fusiform,Right fusiform mean cortical thickness (mm),identical match,0.87268,1,1.0,196,True,True,True,True
adni,nacc,Cortical Thickness Average of Left Inferiorparietal,Left inferior parietal mean cortical thickness (mm),identical match,0.87034,1,1.0,196,True,True,True,True
adni,nacc,Cortical Thickness Average of Right Inferiorparietal,Right inferior parietal mean cortical thickness (mm),identical match,0.87131,1,1.0,196,True,True,True,True
adni,nacc,Cortical Thickness Average of Left Inferiortemporal,Left inferior temporal mean cortical thickness (mm),identical match,0.85261,1,1.0,196,True,True,True,True
adni,nacc,Cortical Thickness Average of Right Inferiortemporal,Right inferior temporal mean cortical thickness (mm),identical match,0.84931,1,1.0,196,True,True,True,True
adni,nacc,Cortical Thickness Average of Left Insula,Left insula mean cortical thickness (mm),identical match,0.91533,1,1.0,196,True,True,True,True
adni,nacc,Cortical Thickness Average of Right Insula,Right insula mean cortical thickness (mm),identical match,0.93021,1,1.0,196,True,True,True,True
adni,nacc,Cortical Thickness Average of Left Isthmus Cingulate,Left isthmus cingulate mean cortical thickness (mm),identical match,0.88064,1,1.0,196,True,True,True,True
adni,nacc,Cortical Thickness Average of Right Isthmus Cingulate,Right isthmus cingulate mean cortical thickness (mm),identical match,0.89611,1,1.0,196,True,True,True,True
adni,nacc,Cortical Thickness Average of Left Lateraloccipital,Left lateral occipital mean cortical thickness (mm),identical match,0.87957,1,1.0,196,True,True,True,True
adni,nacc,Cortical Thickness Average of Right Lateraloccipital,Right lateral occipital mean cortical thickness (mm),identical match,0.88854,1,1.0,196,True,True,True,True
adni,nacc,Cortical Thickness Average of Left Lateralorbitofrontal,Left lateral orbitofrontal mean cortical thickness (mm),identical match,0.83971,1,1.0,196,True,True,True,True
adni,nacc,Cortical Thickness Average of Right Lateralorbitofrontal,Right lateral orbitofrontal mean cortical thickness (mm),identical match,0.83655,1,1.0,196,True,True,True,True
adni,nacc,Cortical Thickness Average of Left Lingual,Left lingual mean cortical thickness (mm),identical match,0.90223,1,1.0,196,True,True,True,True
adni,nacc,Cortical Thickness Average of Right Lingual,Right lingual mean cortical thickness (mm),identical match,0.90137,1,1.0,196,True,True,True,True
adni,nacc,Cortical Thickness Average of Left Medial Orbitofrontal,Left medial orbitofrontal mean cortical thickness (mm),identical match,0.90843,1,1.0,196,True,True,True,True
adni,nacc,Cortical Thickness Average of Right Medial Orbitofrontal,Right medial orbitofrontal mean cortical thickness (mm),identical match,0.91425,1,1.0,196,True,True,True,True
adni,nacc,Cortical Thickness Average of Left Middle Temporal,Left middle temporal mean cortical thickness (mm),identical match,0.9167,1,1.0,196,True,True,True,True
adni,nacc,Cortical Thickness Average of Right Middle Temporal,Right middle temporal mean cortical thickness (mm),identical match,0.92329,1,1.0,196,True,True,True,True
adni,nacc,Cortical Thickness Average of Left Paracentral,Left paracentral mean cortical thickness (mm),identical match,0.88809,1,1.0,196,True,True,True,True
adni,nacc,Cortical Thickness Average of Right Paracentral,Right paracentral mean cortical thickness (mm),identical match,0.89816,1,1.0,196,True,True,True,True
adni,nacc,Cortical Thickness Average of Left Parahippocampal,Left parahippocampal mean cortical thickness (mm),identical match,0.89105,1,1.0,196,True,True,True,True
adni,nacc,Cortical Thickness Average of Right Parahippocampal,Right parahippocampal mean cortical thickness (mm),identical match,0.90326,1,1.0,196,True,True,True,True
adni,nacc,Cortical Thickness Average of Left Pars Opercularis,Left pars opercularis mean cortical thickness (mm),identical match,0.88749,1,1.0,196,True,True,True,True
adni,nacc,Cortical Thickness Average of Right Pars Opercularis,Right pars opercularis mean cortical thickness (mm),identical match,0.90029,1,1.0,196,True,True,True,True
adni,nacc,Cortical Thickness Average of Left Parsorbitalis,Left pars orbitalis mean cortical thickness (mm),identical match,0.76094,8,0.125,196,False,False,False,True
adni,nacc,Cortical Thickness Average of Right Parsorbitalis,Right pars orbitalis mean cortical thickness (mm),identical match,0.7307,9,0.1111111111111111,196,False,False,False,True
adni,nacc,Cortical Thickness Average of Left Pars Triangularis,Left pars triangularis mean cortical thickness (mm),identical match,0.90287,1,1.0,196,True,True,True,True
adni,nacc,Cortical Thickness Average of Right Pars Triangularis,Right pars triangularis mean cortical thickness (mm),identical match,0.90743,1,1.0,196,True,True,True,True
adni,nacc,Cortical Thickness Average of Left Pericalcarine,Left pericalcarine mean cortical thickness (mm),identical match,0.90029,1,1.0,196,True,True,True,True
adni,nacc,Cortical Thickness Average of Right Pericalcarine,Right pericalcarine mean cortical thickness (mm),identical match,0.9076,1,1.0,196,True,True,True,True
adni,nacc,Cortical Thickness Average of Left Postcentral,Left postcentral mean cortical thickness (mm),identical match,0.87755,1,1.0,196,True,True,True,True
adni,nacc,Cortical Thickness Average of Right Postcentral,Right postcentral mean cortical thickness (mm),identical match,0.88162,1,1.0,196,True,True,True,True
adni,nacc,Cortical Thickness Average of Left Posterior Cingulate,Left posterior cingulate mean cortical thickness (mm),identical match,0.87688,1,1.0,196,True,True,True,True
adni,nacc,Cortical Thickness Average of Right Posterior Cingulate,Right posterior cingulate mean cortical thickness (mm),identical match,0.8886,1,1.0,196,True,True,True,True
adni,nacc,Cortical Thickness Average of Left Precentral,Left precentral mean cortical thickness (mm),identical match,0.8893,1,1.0,196,True,True,True,True
adni,nacc,Cortical Thickness Average of Right Precentral,Right precentral mean cortical thickness (mm),identical match,0.89746,1,1.0,196,True,True,True,True
adni,nacc,Cortical Thickness Average of Left Precuneus,Left precuneus mean cortical thickness (mm),identical match,0.87553,1,1.0,196,True,True,True,True
adni,nacc,Cortical Thickness Average of Right Precuneus,Right precuneus mean cortical thickness (mm),identical match,0.90094,1,1.0,196,True,True,True,True
adni,nacc,Cortical Thickness Average of Left Rostral Anterior Cingulate,Left rostral anterior cingulate mean cortical thickness (mm),identical match,0.89929,1,1.0,196,True,True,True,True
adni,nacc,Cortical Thickness Average of Right Rostral Anterior Cingulate,Right rostral anterior cingulate mean cortical thickness (mm),identical match,0.91499,1,1.0,196,True,True,True,True
adni,nacc,Cortical Thickness Average of Left Rostral Middle Frontal,Left rostral middle frontal mean cortical thickness (mm),identical match,0.89817,1,1.0,196,True,True,True,True
adni,nacc,Cortical Thickness Average of Right Rostral Middle Frontal,Right rostral middle frontal mean cortical thickness (mm),identical match,0.91386,1,1.0,196,True,True,True,True
adni,nacc,Cortical Thickness Average of Left Superior Frontal,Left superior frontal mean cortical thickness (mm),identical match,0.8842,1,1.0,196,True,True,True,True
adni,nacc,Cortical Thickness Average of Right Superiorfrontal,Right superior frontal mean cortical thickness (mm),identical match,0.90266,1,1.0,196,True,True,True,True
adni,nacc,Cortical Thickness Average of Left Superiorparietal,Left superior parietal mean cortical thickness (mm),identical match,0.85936,1,1.0,196,True,True,True,True
adni,nacc,Cortical Thickness Average of Right Superiorparietal,Right superior parietal mean cortical thickness (mm),identical match,0.87389,1,1.0,196,True,True,True,True
adni,nacc,Cortical Thickness Average of Left Superior Temporal,Left superior temporal mean cortical thickness (mm),identical match,0.88358,1,1.0,196,True,True,True,True
adni,nacc,Cortical Thickness Average of Right Superior Temporal,Right superior temporal mean cortical thickness (mm),identical match,0.8976,1,1.0,196,True,True,True,True
adni,nacc,Cortical Thickness Average of Left Supramarginal,Left supramarginal mean cortical thickness (mm),identical match,0.89799,1,1.0,196,True,True,True,True
adni,nacc,Cortical Thickness Average of Right Supramarginal,Right supramarginal mean cortical thickness (mm),identical match,0.90672,1,1.0,196,True,True,True,True
adni,nacc,Cortical Thickness Average of Left Transverse Temporal,Left transverse temporal mean cortical thickness (mm),identical match,0.91887,1,1.0,196,True,True,True,True
adni,nacc,Cortical Thickness Average of Right Transverse Temporal,Right transverse temporal mean cortical thickness (mm),identical match,0.92155,1,1.0,196,True,True,True,True
adni,nacc,Volume (Cortical Parcellation) of Left Precuneus,Left precuneus gray matter volume (cc),identical match,0.81241,1,1.0,196,True,True,True,True
adni,nacc,Volume (Cortical Parcellation) o Right Precuneus,Right precuneus gray matter volume (cc),identical match,0.8201,1,1.0,196,True,True,True,True
adni,nacc,Volume (Cortical Parcellation) o Left Transverse Temporal,Left transverse temporal gray matter volume (cc),identical match,0.87424,1,1.0,196,True,True,True,True
adni,nacc,Volume (Cortical Parcellation) o Right Transverse Temporal,Right transverse temporal gray matter volume (cc),identical match,0.85459,1,1.0,196,True,True,True,True
adni,nacc,Volume (WM Parcellation) of Left Lateral Ventricle,Segmented left lateral ventricle volume (cc),identical match,0.86365,1,1.0,196,True,True,True,True
adni,nacc,Volume (WM Parcellation) of Right Lateral Ventricle,Segmented right lateral ventricle volume (cc),identical match,0.85869,1,1.0,196,True,True,True,True
adni,nacc,Volume (WM Parcellation) of Third Ventricle,Segmented total third ventricle volume (cc),identical match,0.82423,1,1.0,196,True,True,True,True
adni,nacc,Volume (WM Parcellation) of Left Hippocampus,Segmented left hippocampus volume (cc),identical match,0.88429,1,1.0,196,True,True,True,True
adni,nacc,Volume (WM Parcellation) of Right Hippocampus,Segmented right hippocampus volume (cc),identical match,0.88441,1,1.0,196,True,True,True,True
adni,epad,Smoking(1=Yes; 0=No),Smoking,identical match,0.8302,1,1.0,45,True,True,True,True
adni,nacc,Smoking(1=Yes; 0=No),Smoked cigarettes in last 30 days,identical match,0.61014,1,1.0,196,True,True,True,True
adni,nacc,Smoking(1=Yes; 0=No),Average number of packs smoked per day,identical match,0.54217,2,0.5,196,False,True,True,True
adni,nacc,"If no longer smoking, provide period of time since stopped smoking (years)","If the subject quit smoking, age at which he/she last smoked (i.e., quit)",identical match,0.76319,1,1.0,196,True,True,True,True
aachen-hf,viennahf-register,HbA1c,HBA1c,identical match,1.0,1,1.0,42,True,True,True,True
aachen-hf,viennahf-register,creatinine,Creatinine,identical match,1.0,1,1.0,42,True,True,True,True
aachen-hf,viennahf-register,urea,Urea,identical match,1.0,1,1.0,42,True,True,True,True
aachen-hf,viennahf-register,triglyceride,triglyceride,identical match,1.0,1,1.0,42,True,True,True,True
aachen-hf,viennahf-register,patient identification number,patient identification number,identical match,1.0,1,1.0,42,True,True,True,True
aachen-hf,viennahf-register,mineralocorticoid receptor antagonist (MRA),Mineralocorticoid receptor antagonists(MRAs),partial match,0.96827,1,1.0,42,True,True,True,True
aachen-hf,viennahf-register,height,height,identical match,1.0,1,1.0,42,True,True,True,True
aachen-hf,viennahf-register,HDL-cholesterol,HDL-Cholesterol,compatible match,1.0,1,1.0,42,True,True,True,True
aachen-hf,viennahf-register,age at visit,age at visit,identical match,1.0,1,1.0,42,True,True,True,True
aachen-hf,viennahf-register,estimated glomerular filtration rate (CKD-EPI),estimated glomerular fraction rate,identical match,0.88739,1,1.0,42,True,True,True,True
aachen-hf,viennahf-register,date of visit,date of visit,identical match,1.0,1,1.0,42,True,True,True,True
aachen-hf,viennahf-register,weight,weight,identical match,1.0,1,1.0,42,True,True,True,True
aachen-hf,viennahf-register,body mass index,body mass index,identical match,1.0,1,1.0,42,True,True,True,True
aachen-hf,viennahf-register,Angiotensin II receptor blockers,Angiotensin II Receptor Blockers (ARBs),partial match,0.96218,1,1.0,42,True,True,True,True
aachen-hf,viennahf-register,sacubitril/valsartan,Angiotensin Receptor-Neprilysin Inhibitor (ARNi),partial match,0.39826,2,0.5,42,False,True,True,True
aachen-hf,viennahf-register,LDL-cholesterol,HDL-Cholesterol,identical match,0.86025,1,1.0,42,True,True,True,True
aachen-hf,viennahf-register,Betablocker substance,Betablocker,partial match,0.93497,1,1.0,42,True,True,True,True
aachen-hf,viennahf-register,Beta blockers,Betablocker,partial match,0.8181,1,1.0,42,True,True,True,True
aachen-hf,viennahf-register,sodium glucose cotransporter 2 inhibitors,SGLT2i,partial match,0.31573,13,0.07692307692307693,42,False,False,False,False
aachen-hf,viennahf-register,Alanine aminotransferase,Alanine Aminotransferase(ALAT),partial match,0.95265,1,1.0,42,True,True,True,True
aachen-hf,viennahf-register,Angiotensin-converting enzyme inhibitors,ACE inhibitors (ACEI),partial match,0.62823,4,0.25,42,False,False,True,True
aachen-hf,viennahf-register,Aspartate aminotransferase,aspartaataminotransferase(ASAT),partial match,0.87675,1,1.0,42,True,True,True,True
aachen-hf,viennahf-register,height,weight,identical match,0.43319,2,0.5,42,False,True,True,True
aachen-hf,viennahf-register,gamma-glutamyl transferase (GGT),gamma glutaryl transferase,identical match,0.94484,1,1.0,42,True,True,True,True
aachen-hf,viennahf-register,prealbumin,Albumin,identical match,0.77564,1,1.0,42,True,True,True,True
aachen-hf,viennahf-register,History of chronic kidney disease,creatinin kinase,identical match,0.32435,4,0.25,42,False,False,True,True
aachen-hf,viennahf-register,eosinophiles,eosinophils absolute,identical match,0.50875,1,1.0,42,True,True,True,True
aachen-hf,viennahf-register,LDL-cholesterol,LDL-Cholsterine,identical match,0.84257,2,0.5,42,False,True,True,True
aachen-hf,viennahf-register,History of diabetes,type of diabetes,partial match,0.74546,1,1.0,42,True,True,True,True
aachen-hf,viennahf-register,sacubitril/valsartan,ARNi daily dosis in % of target dosis,compatible match,0.09901,24,0.041666666666666664,42,False,False,False,False
aachen-hf,viennahf-register,History of myocardial infarction,date of past myocardial infarction,partial match,0.83045,2,0.5,42,False,True,True,True
aachen-hf,viennahf-register,History of chronic obstructive pulmonary disorder,COPD ( chronic obstructive pulmonary disease),identical match,0.6252,1,1.0,42,True,True,True,True
aachen-hf,viennahf-register,diuretics,Loop diuretics,identical match,0.81572,2,0.5,42,False,True,True,True
aachen-hf,viennahf-register,sodium glucose cotransporter 2 inhibitors,SGLT2i daily dosis in % of target dosis,compatible match,0.44094,6,0.16666666666666666,42,False,False,False,True
aachen-hf,viennahf-register,creatinine,creatinin kinase,identical match,0.6855,2,0.5,42,False,True,True,True
aachen-hf,viennahf-register,original dosage of ARNI,ARNi daily dosis in % of target dosis,compatible match,0.64743,1,1.0,42,True,True,True,True
aachen-hf,viennahf-register,Angiotensin II receptor blockers,ARB daily dosis in % of target dosis,compatible match,0.23927,12,0.08333333333333333,42,False,False,False,False
aachen-hf,viennahf-register,original dosage of SGLT2 inhibitors,SGLT2i daily dosis in % of target dosis,compatible match,0.51658,1,1.0,42,True,True,True,True
aachen-hf,viennahf-register,mineralocorticoid receptor antagonist (MRA),MRA daily dosis in % of target dosis,partial match,0.37557,5,0.2,42,False,False,True,True
aachen-hf,viennahf-register,high sensitivity C reactive protein,ultrasensitive C reactive protein(CRP),identical match,0.88558,1,1.0,42,True,True,True,True
aachen-hf,viennahf-register,smoking status,Smoking status (active/former/never),compatible match,0.8748,1,1.0,42,True,True,True,True
aachen-hf,viennahf-register,History of myocardial infarction,presence of past myocardial infarction,identical match,0.91867,1,1.0,42,True,True,True,True
aachen-hf,viennahf-register,date of visit,date of stroke,partial match,0.34064,3,0.3333333333333333,42,False,True,True,True
aachen-hf,viennahf-register,History of Coronary artery bypass graft surgery,CABG - coronary artery bypass graft,identical match,0.74038,1,1.0,42,True,True,True,True
aachen-hf,viennahf-register,History of stroke,date of stroke,partial match,0.69877,1,1.0,42,True,True,True,True
aachen-hf,viennahf-register,lymphocytes,Lymphocytes absolute,partial match,0.75312,2,0.5,42,False,True,True,True
aachen-hf,viennahf-register,lymphocytes,Lymphocytes relative,partial match,0.82837,1,1.0,42,True,True,True,True
aachen-hf,viennahf-register,History of chronic kidney disease,chronic kidney disease (yes/no),identical match,0.71578,1,1.0,42,True,True,True,True
aachen-hf,viennahf-register,diuretics,diuretics substance,partial match,0.97121,1,1.0,42,True,True,True,True
aachen-hf,viennahf-register,normalisation of loop diuretics,Loop diuretics,partial match,0.76108,1,1.0,42,True,True,True,True
