VARIABLENAME,VARIABLELABEL,VARTYPE,UNITS,CATEGORICAL,MISSING,COUNT,NA,MIN,MAX,Formula,Categorical Value Concept Code,Categorical Value Concept Name,Categorical Value OMOP ID,Variable Concept Code,Variable Concept Name,Variable OMOP ID,Additional Context Concept Name,Additional Context Concept Code,Additional Context OMOP ID,Unit Concept Name,Unit Concept Code,Unit OMOP ID,Domain,Visits,Visit OMOP ID,Visit Concept Name,Visit Concept Code
codr1,Patient code R1,INT,,,,10989,0,1,9479,,,,,loinc:52463-7,Patient identification number,40757164,,,,,,,Person,Visit 1 / baseline,40766819,Baseline time,loinc:64103-5
dataeve,Worsening HF date,DATETIME,DD-MM-YYYY,,1,5259,5730,37484,39522,,,,,omop:OMOP5166003,Exacerbation of heart failure,1340348,Time,snomed:410669006,4256606,,,,Observation,event date,4208903,Date of event,SNOMED:439771001
valups,Evaluated in ER only,INT,,2= No| 3=Yes,1,5259,5730,2,3,,loinc:LA32-8|loinc:LA33-6,No|Yes,45878245|45877994,Snomed:50849002,Emergency room admission ,4176269,Evaluation,Snomed:723051000000101,44803879,,,,Condition_occurrence,event date,4208903,Date of event,SNOMED:439771001
viscard,Visited by a cardiologist,INT,,2= No| 3=Yes,1,5259,5730,2,3,,loinc:LA32-8|loinc:LA33-6,No|Yes,45878245|45877994,snomed:305662006,Seen by cardiologist,4139722,,,,,,,Observation,event date,4208903,Date of event,SNOMED:439771001
dayh,Day Hospital,INT,,2= No| 3=Yes,1,5259,5730,2,3,,loinc:LA32-8|loinc:LA33-6,No|Yes,45878245|45877994,loinc:LP421190-2,Number of days hospitalized,36034302,Time,snomed:410669006,4256606,,,,Observation,event date,4208903,Date of event,SNOMED:439771001
ricovero,Hospitalization or prolonged hospitalization,INT,,2= No| 3=Yes,1,5259,5730,2,3,,loinc:LA32-8|loinc:LA33-6,No|Yes,45878245|45877994,loinc:LP72712-0,History of hospitalization,1030615,,,,,,,Observation,event date,4208903,Date of event,SNOMED:439771001
infusiva,Infusion therapy,INT,,2= No| 3=Yes,1,5259,5730,2,3,,loinc:LA32-8|loinc:LA33-6,No|Yes,45878245|45877994,snomed:416608005,Drug therapy,4216752,Infusion,Snomed:36576007,4269838,,,,Drug_Exposure,event date,4208903,Date of event,SNOMED:439771001
diuev,Diuretics (if Infusion therapy=Yes),STR,,F=No|T=Yes,,5259,5730,,,,loinc:LA32-8|loinc:LA33-6,No|Yes,45878245|45877994,loinc:LP18047-8,Diuretics,40779413,,,,,,,Drug_Exposure,event date,4208903,Date of event,SNOMED:439771001
inoev,Inotropes (if Infusion therapy=Yes),STR,,F=No|T=Yes,,5259,5730,,,,loinc:LA32-8|loinc:LA33-6,No|Yes,45878245|45877994,snomed:1296972008,Inotropic therapy,1243623,,,,,,,Drug_Exposure,event date,4208903,Date of event,SNOMED:439771001
vasoev,Vasodilators (if Infusion therapy=Yes),STR,,F=No|T=Yes,,5259,5730,,,,loinc:LA32-8|loinc:LA33-6,No|Yes,45878245|45877994,snomed:870386000,Vasopressor therapy,3655896,,,,,,,Drug_Exposure,event date,4208903,Date of event,SNOMED:439771001
assmec,Temporary mechanical support,INT,,2= No| 3=Yes,1,5259,5730,2,3,,loinc:LA32-8|loinc:LA33-6,No|Yes,45878245|45877994,snomed:232957001,Cardiac support procedure,4336747,,,,,,,Observation,event date,4208903,Date of event,SNOMED:439771001
ufilt,Ultrafiltration,INT,,2= No| 3=Yes,1,5259,5730,2,3,,loinc:LA32-8|loinc:LA33-6,No|Yes,45878245|45877994,snomed:182750009,Ultrafiltration,4080968,,,,,,,Observation,event date,4208903,Date of event,SNOMED:439771001
nocompl,Worsening HF reason - Patient not compliant with treatments,INT,,2= No| 3=Yes,1,5259,5730,2,3,,loinc:LA32-8|loinc:LA33-6,No|Yes,45878245|45877994,omop:OMOP5166003,Exacerbation of heart failure,1340348,Noncompliance with medication regimen,snomed:129834002,4305297,,,,Observation,event date,4208903,Date of event,SNOMED:439771001
menoter,Worsening HF reason - Inappropriate down titration of therapy for HF,INT,,2= No| 3=Yes,1,5259,5730,2,3,,loinc:LA32-8|loinc:LA33-6,No|Yes,45878245|45877994,omop:OMOP5166003,Exacerbation of heart failure,1340348,Medication dosage form inappropriate,snomed:6111000124105,764778,,,,Observation,event date,4208903,Date of event,SNOMED:439771001
aguana,Worsening HF reason - Excessive intake of sodium and/or water,INT,,2= No| 3=Yes,1,5259,5730,2,3,,loinc:LA32-8|loinc:LA33-6,No|Yes,45878245|45877994,omop:OMOP5166003,Exacerbation of heart failure,1340348,Excessive sodium intake,snomed:440921000124100,763447,,,,Observation,event date,4208903,Date of event,SNOMED:439771001
arit,Arrhythmia,INT,,2= No| 3=Yes,1,5259,5730,2,3,,loinc:LA32-8|loinc:LA33-6,No|Yes,45878245|45877994,snomed:698247007,Cardiac arrhythmia,44784217,,,,,,,Observation,event date,4208903,Date of event,SNOMED:439771001
bradi,Bradycardia (if YES arrhythmia),STR,,F=No|T=Yes,,5259,5730,,,,loinc:LA32-8|loinc:LA33-6,No|Yes,45878245|45877994,snomed:48867003,Bradycardia,4169095,,,,,,,Observation,event date,4208903,Date of event,SNOMED:439771001
tachi,Tachycardia(if YES arrhythmia),STR,,F=No|T=Yes,,5259,5730,,,,loinc:LA32-8|loinc:LA33-6,No|Yes,45878245|45877994,snomed:3424008,Tachycardia,444070,,,,,,,Observation,event date,4208903,Date of event,SNOMED:439771001
farapi,Rapid AF (if YES Tachycardia),INT,,2= No| 3=Yes,1,5259,5730,1,3,,loinc:LA32-8|loinc:LA33-6,No|Yes,45878245|45877994,snomed:314208002,Rapid atrial fibrillation,4199501,,,,,,,Observation,event date,4208903,Date of event,SNOMED:439771001
fcmed,mean cardiac function (if YES Tachycardia),FLOAT,beats/min,,,407,10582,73,250,,,,,snomed:86185002,cardiac function,4313573,mean,SNOMED:255586005,4115464,counts per minute,,8483,Observation,event date,4208903,Date of event,SNOMED:439771001
ima,Acute Myocardial Infarction,INT,,2= No| 3=Yes,1,5259,5730,2,3,,loinc:LA32-8|loinc:LA33-6,No|Yes,45878245|45877994,snomed:57054005,Acute myocardial infarction,312327,,,,,,,Observation,event date,4208903,Date of event,SNOMED:439771001
portata,High cardiac output episodes,INT,,2= No| 3=Yes,1,5259,5730,2,3,,loinc:LA32-8|loinc:LA33-6,No|Yes,45878245|45877994,snomed:27545003,Increased cardiac output,4099894,,,,,,,Observation,event date,4208903,Date of event,SNOMED:439771001
anemia,Anemia (if High cardiac output episodes=Yes),STR,,F=No|T=Yes,,5259,5730,,,,loinc:LA32-8|loinc:LA33-6,No|Yes,45878245|45877994,snomed:27545003,Increased cardiac output,4099894,Anemia,SNOMED:271737000,439777,,,,Observation,event date,4208903,Date of event,SNOMED:439771001
febbre,Fever (if High cardiac output episodes=Yes),STR,,F=No|T=Yes,,5259,5730,,,,loinc:LA32-8|loinc:LA33-6,No|Yes,45878245|45877994,snomed:27545003,Increased cardiac output,4099894,Fever,SNOMED:386661006,437663,,,,Observation,event date,4208903,Date of event,SNOMED:439771001
altro,Other (if High cardiac output episodes=Yes),STR,,F=No|T=Yes,,5259,5730,,,,loinc:LA32-8|loinc:LA33-6,No|Yes,45878245|45877994,snomed:27545003,Increased cardiac output,4099894,Other,snomed:74964007,9177,,,,Observation,event date,4208903,Date of event,SNOMED:439771001
descal,Other High cardiac output episodes – types,STR,,,,22,10967,,,,,,,snomed:27545003,Increased cardiac output,4099894,Type|Other,Snomed:50849002|snomed:74964007,4176269|9177,,,,Observation,event date,4208903,Date of event,SNOMED:439771001
alcool,Alcohol consumption,INT,,2= No| 3=Yes,1,5259,5730,2,3,,loinc:LA32-8|loinc:LA33-6,No|Yes,45878245|45877994,snomed:219006,Current drinker,4074035,,,,,,,Condition_occurrence,event date,4208903,Date of event,SNOMED:439771001
tera48,Concomitant pharmacological treatment in the previous 48 h,INT,,2= No| 3=Yes,1,5259,5730,2,3,,loinc:LA32-8|loinc:LA33-6,No|Yes,45878245|45877994,snomed:716151000000103,Treatment,44803699,48 hours,snomed:255249005,4112239,,,,Observation,event date,4208903,Date of event,SNOMED:439771001
caanta,Calcium channel blockers (if Concomitant pharmacological treatment in the previous 48 h=Yes),INT,,2= No| 3=Yes,1,5259,5730,1,3,,loinc:LA32-8|loinc:LA33-6,No|Yes,45878245|45877994,atc:C08C,SELECTIVE CALCIUM CHANNEL BLOCKERS WITH MAINLY VASCULAR EFFECTS,21601745,,,,,,,Drug_Exposure,event date,4208903,Date of event,SNOMED:439771001
antiari,Antiarrhytmics (if Concomitant pharmacological treatment in the previous 48 h=Yes),INT,,2= No| 3=Yes,1,5259,5730,1,3,,loinc:LA32-8|loinc:LA33-6,No|Yes,45878245|45877994,atc:C01B,"ANTIARRHYTHMICS, CLASS I AND III",21600248,,,,,,,Drug_Exposure,event date,4208903,Date of event,SNOMED:439771001
corti,Cortisone (if Concomitant pharmacological treatment in the previous 48 h=Yes),INT,,2= No| 3=Yes,1,5259,5730,1,3,,loinc:LA32-8|loinc:LA33-6,No|Yes,45878245|45877994,rxnorm:2878,cortisone,1507705,,,,,,,Drug_Exposure,event date,4208903,Date of event,SNOMED:439771001
bbloc,Beta blockers (if Concomitant pharmacological treatment in the previous 48 h=Yes),INT,,2= No| 3=Yes,1,5259,5730,1,3,,loinc:LA32-8|loinc:LA33-6,No|Yes,45878245|45877994,atc:C07A,BETA BLOCKING AGENTS,21601665,,,,,,,Drug_Exposure,event date,4208903,Date of event,SNOMED:439771001
fans,FANS (if Concomitant pharmacological treatment in the previous 48 h=Yes),INT,,2= No| 3=Yes,1,5259,5730,1,3,,loinc:LA32-8|loinc:LA33-6,No|Yes,45878245|45877994,atc:M01A,"""ANTIINFLAMMATORY AND ANTIRHEUMATIC PRODUCTS, NON-STEROIDS""",21603933,,,,,,,Drug_Exposure,event date,4208903,Date of event,SNOMED:439771001
altrater,Other therapy (if Concomitant pharmacological treatment in the previous 48 h=Yes),INT,,2= No| 3=Yes,1,5259,5730,1,3,,loinc:LA32-8|loinc:LA33-6,No|Yes,45878245|45877994,snomed:716151000000103,Treatment,44803699,Other,snomed:74964007,9177,,,,Drug_Exposure,event date,4208903,Date of event,SNOMED:439771001
descter,Other therapy – type (if Concomitant pharmacological treatment in the previous 48 h=Yes),STR,,,,146,10843,,,,,,,snomed:716151000000103,Treatment,44803699,Type|Other,Snomed:50849002|snomed:74964007,4176269|9177,,,,Drug_Exposure,event date,4208903,Date of event,SNOMED:439771001
insren,Occurring/worsening renal failure,INT,,2= No| 3=Yes,1,5259,5730,2,3,,loinc:LA32-8|loinc:LA33-6,No|Yes,45878245|45877994,snomed:42399005,Renal failure syndrome,192359,Worsening,snomed:230993007,4332312,,,,Condition_occurrence,event date,4208903,Date of event,SNOMED:439771001
infez,Inflammatory/infective pathologies,INT,,2= No| 3=Yes,1,5259,5730,2,3,,loinc:LA32-8|loinc:LA33-6,No|Yes,45878245|45877994,Snomed:257552002,Inflammation,4119715,,,,,,,Condition_occurrence,event date,4208903,Date of event,SNOMED:439771001
altrpat,Other non cardiovascular pathologies/worsening factors,INT,,2= No| 3=Yes,1,5259,5730,2,3,,loinc:LA32-8|loinc:LA33-6,No|Yes,45878245|45877994,icare:icv2000000021,non-cardiovascular ,2000000021,Contributing Factor other,loinc:LP36128-4,1027547,,,,Observation,event date,4208903,Date of event,SNOMED:439771001
descalt,Description - Other non cardiovascular pathologies/worsening factors,STR,,,,497,10492,,,,,,,icare:icv2000000021,non-cardiovascular ,2000000021,Type|Contributing Factor other,snomed:50849002|loinc:LP36128-4,4176269|1027547,,,,Observation,event date,4208903,Date of event,SNOMED:439771001
patvalv,Valvular pathologies worsening conditions,INT,,2= No| 3=Yes,1,5259,5730,2,3,,loinc:LA32-8|loinc:LA33-6,No|Yes,45878245|45877994,Snomed:368009,Heart valve disorder,4281749,Contributing Factor other,loinc:LP36128-4,1027547,,,,Condition_occurrence,event date,4208903,Date of event,SNOMED:439771001
descvalv,Valvular pathologies - description,STR,,,,132,10857,,,,,,,Snomed:368009,Heart valve disorder,4281749,Type|Contributing Factor other,snomed:50849002|loinc:LP36128-4,4176269|1027547,,,,Observation,event date,4208903,Date of event,SNOMED:439771001
altraggr,Other possible factors worsening conditions,INT,,2= No| 3=Yes,1,5259,5730,2,3,,loinc:LA32-8|loinc:LA33-6,No|Yes,45878245|45877994,loinc:LP36128-4,Contributing Factor other,1027547,,,,,,,Observation,event date,4208903,Date of event,SNOMED:439771001
descaggr,Other possible factors worsening conditions - description,STR,,,,465,10524,,,,,,,loinc:LP36128-4,Contributing Factor other,1027547,Type,Snomed:50849002,4176269,,,,Observation,event date,4208903,Date of event,SNOMED:439771001
noident,Unidentifiable factor worsening conditions,INT,,2= No| 3=Yes,1,5259,5730,2,3,,loinc:LA32-8|loinc:LA33-6,No|Yes,45878245|45877994,loinc:LP36128-4,Contributing Factor other,1027547,unknown,snomed:261665006,4129922,,,,Observation,event date,4208903,Date of event,SNOMED:439771001
cauprim,Main factor worsening Heart failure,INT,,1=Patient uncompliant with the pharmacological treatments| 2=Inappropriate down titration of the therapy for HF| 3=Excess on intake of sodium and/or water| 4=arrhythmia| 5.0=Acute Myocardial Infarction| 6=High cardiac output episodes| 7=Alcohol consumption| 8=Concomitant pharmacological treatment in the previous 48 h| 9=Occurring/worsening renal failure|10=Inflammatory/infective pathologies| 11=Other non cardiovascular pathologies/worsening factors| 12=Valvular pathologies worsening conditions|13=Other possible factors worsening conditions|14=Unidentifiable,,5259,5730,1,14,,snomed:400978007|snomed:6111000124105|snomed:440921000124100|snomed:698247007|snomed:57054005|snomed:27545003|snomed:15167005|icare:icv200000065|snomed:42399005|snomed:257552002|icare:icv2000000021|snomed:368009|loinc:LP36128-4|snomed:261665006,Drug compliance poor |Medication dosage form inappropriate |Excessive sodium intake|Cardiac arrhythmia|Acute myocardial infarction|Increased cardiac output|Alcohol abuse|Concomitant drug therapy|Renal failure syndrome|Inflammation|non-cardiovascular|Heart valve disorder|Contributing Factor other|Unknown,4292063|764778|763447|44784217|312327|4099894|433753|2000000065|192359|4119715|2000000021|4281749|1027547|4129922,omop:OMOP5166003,Exacerbation of heart failure,1340348,Etiology,snomed:134198009,4046629,,,,Condition_occurrence,event date,4208903,Date of event,SNOMED:439771001
DATEHOSP,Hospitalization date,DATETIME,DD-MM-YYYY,,,10111,878,37484,39532,,,,,snomed:399423000,Date of admission,4161014,,,,,,,Observation,event date,4208903,Date of event,SNOMED:439771001
CAUSA_H,Hospitalization reason,INT,,2=AMI| 3=Angina| 4=Worsening HF|5=Atrial arrhythmia| 6=Ventricular arrhythmia| 7=PCI | 8=CABG| 9=interventions on the carotid| 10=interventions on peripheral vascular districts| 11=Pacemaker implant| 12=Cardiac resynchronization| 13=ICD implant| 14=Cardiac transplantation| 15=Left/right catheterization| 16=Other cardiac reason| 17=Stroke| 18=TIA| 19=Pulmonary embolism| 20=Peripheral embolism| 21=Amputation| 22=Other vascular reason| 23=Neoplasia| 24=Myopathy| 25=Other NON cardiovascular reason| 27=Renal failure| 28=Liver problem,,10111,878,2,28,,snomed:57054005|snomed:194828000|omop:OMOP5166003|snomed:17366009|snomed:44103008|snomed:415070008|snomed:232717009|snomed:33616003|snomed:30904006|snomed:14106009|snomed:870255009|snomed:1236894001|snomed:32413006|snomed:41976001|snomed:405617006|loinc:LA22099-8|loinc:LP75781-2|snomed:59282003|snomed:286959000|snomed:81723002|snomed:27550009|snomed:108369006|snomed:85898001|icare:icv2000000021|snomed:42399005|snomed:59927004,Acute myocardial infarction|Angina pectoris|Exacerbation of heart failure|Atrial arrhythmia|Ventricular arrhythmia|Percutaneous coronary intervention|Coronary artery bypass graft|Operative procedure on carotid body|Vascular surgery procedure|Cardiac pacemaker|Cardiac resynchronization therapy|Subcutaneous implantable cardioverter defibrillator|Transplantation of heart|Cardiac catheterization|cardiovascular event|Stroke (CVA) or TIA|Transient ischemic attack|Pulmonary embolism|Peripheral arterial embolism|Amputation|Vascular disorder| Neoplasm |Cardiomyopathy|non-cardiovascular|Renal failure syndrome|Hepatic failure,312327|321318|1340348 |4068155|4185572|4216130|4336464|4141114|4148948|4030875|3655806|37164898|4137127|4223020|4236854| 36210384|1033326|440417|4117679|4217482|443784|4030314|321319|2000000021|192359|4245975,loinc:LP72712-0,History of hospitalization,1030615,Reason for hospitalization,loinc:86947-9,36305514,,,,Observation,event date,4208903,Date of event,SNOMED:439771001
IMAECG,ECG (if reason for hospitalization is myocardial infarction),INT,,1=not significant| 2=yes|  3=no,4,217,10772,2,4,,loinc:LA24821-3|loinc:LA33-6| loinc:LA32-8,Not significant|Yes|No,1177306|45877994|45878245,snomed:22298006,Myocardial infarction,4329847,Electrocardiogram finding,Snomed:301120008,4117134,,,,Observation,event date,4208903,Date of event,SNOMED:439771001
IMASINT,Typical symptoms (if reason for hospitalization is myocardial infarction),INT,,1=not significant| 2=yes|  3=no,4,217,10772,2,4,,loinc:LA24821-3|loinc:LA33-6| loinc:LA32-8,Not significant|Yes|No,1177306|45877994|45878245,loinc:46691-2 ,Symptoms [RFC],3049423,Reason for hospitalization|Myocardial infarction,loinc:86947-9|snomed:22298006,36305514|4329847,,,,Observation,event date,4208903,Date of event,SNOMED:439771001
IMACK,Total CK or CKMB (if reason for hospitalization is myocardial infarction),INT,,1=not significant| 2=yes|  3=no,4,217,10772,2,4,,loinc:LA24821-3|loinc:LA33-6| loinc:LA32-8,Not significant|Yes|No,1177306|45877994|45878245,snomed:397798009,Creatine kinase measurement,4265595,Reason for hospitalization|Myocardial infarction,loinc:86947-9|snomed:22298006,36305514|4329847,,,,Observation,event date,4208903,Date of event,SNOMED:439771001
IMALDH,LDH (if reason for hospitalization is myocardial infarction),INT,,1=not significant| 2=yes|  3=no,4,217,10772,2,4,,loinc:LA24821-3|loinc:LA33-6| loinc:LA32-8,Not significant|Yes|No,1177306|45877994|45878245,snomed:11274001,Lactate dehydrogenase measurement,4012918,Reason for hospitalization|Myocardial infarction,loinc:86947-9|snomed:22298006,36305514|4329847,,,,Observation,event date,4208903,Date of event,SNOMED:439771001
IMATROP,Troponin I or T (if reason for hospitalization is myocardial infarction),INT,,1=not significant| 2=yes|  3=no,4,217,10772,2,4,,loinc:LA24821-3|loinc:LA33-6| loinc:LA32-8,Not significant|Yes|No,1177306|45877994|45878245,Snomed:105000003,Troponin measurement,4021291,Reason for hospitalization|Myocardial infarction,loinc:86947-9|snomed:22298006,36305514|4329847,,,,Observation,event date,4208903,Date of event,SNOMED:439771001
IMAONDEQ,New Q waves  in absence of informations about symptoms and markers (if reason for hospitalization is myocardial infarction),STR,,,,0,10989,,,,,,,snomeD:365412003,Q wave - finding,4268536,Reason for hospitalization|Myocardial infarction,loinc:86947-9|snomed:22298006,36305514|4329847,,,,Observation,event date,4208903,Date of event,SNOMED:439771001
ANGECG,ECG (if reason for hospitalization is angina),INT,,1=not significant| 2=yes|  3=no,4,222,10767,2,4,,loinc:LA24821-3|loinc:LA33-6| loinc:LA32-8,Not significant|Yes|No,1177306|45877994|45878245,snomed:194828000,Angina pectoris,321318,Electrocardiogram finding,Snomed:301120008,4117134,,,,Observation,event date,4208903,Date of event,SNOMED:439771001
ANGCK,Total CK or CKMB (if reason for hospitalization is angina),INT,,1=not significant| 2=yes|  3=no,4,222,10767,2,4,,loinc:LA24821-3|loinc:LA33-6| loinc:LA32-8,Not significant|Yes|No,1177306|45877994|45878245,Snomed:398137007,Finding of creatine kinase level,4161804,Reason for hospitalization|Angina pectoris,loinc:86947-9|snomed:194828000,36305514|321318,,,,Observation,event date,4208903,Date of event,SNOMED:439771001
ANGTROP,Troponin (if reason for hospitalization is angina),INT,,1=not significant| 2=yes|  3=no,4,222,10767,2,4,,loinc:LA24821-3|loinc:LA33-6| loinc:LA32-8,Not significant|Yes|No,1177306|45877994|45878245,Snomed:105000003,Troponin measurement,4021291,Reason for hospitalization|Angina pectoris,loinc:86947-9|snomed:194828000,36305514|321318,,,,Observation,event date,4208903,Date of event,SNOMED:439771001
ANGRIV,Need for urgent revascularization (if reason for hospitalization is angina),INT,,1=not significant| 2=yes|  3=no,4,222,10767,2,4,,loinc:LA24821-3|loinc:LA33-6| loinc:LA32-8,Not significant|Yes|No,1177306|45877994|45878245,snomed:81266008,Heart revascularization,4217445,Reason for hospitalization|Angina pectoris,loinc:86947-9|snomed:194828000,36305514|321318,,,,Observation,event date,4208903,Date of event,SNOMED:439771001
ICTUS_H,Stroke event (if reason for hospitalization is stroke),INT,,1=not significant| 2=yes|  3=no,4,166,10823,2,3,,loinc:LA24821-3|loinc:LA33-6| loinc:LA32-8,Not significant|Yes|No,1177306|45877994|45878245,loinc:LA12362-2,Stroke (CVA) or TIA,45881969,Type|Reason for hospitalization,Snomed:50849002|loinc:86947-9,4176269|36305514,,,,Observation,event date,4208903,Date of event,SNOMED:439771001
DESCCARD_H,Other cardiac reason description,STR,,,,746,10243,,,,,,,snomed:405617006,Cardiovascular event,4236854,Reason for hospitalization|Other,loinc:86947-9|snomed:74964007,36305514|9177,,,,Observation,event date,4208903,Date of event,SNOMED:439771001
SHOCK,Cardiogenic shock (if reason for hospitalization is worsening HF),INT,,1=not significant| 2=yes|  3=no,4,3828,7161,2,4,,loinc:LA24821-3|loinc:LA33-6| loinc:LA32-8,Not significant|Yes|No,1177306|45877994|45878245,snomed:89138009,Cardiogenic shock,198571,Reason for hospitalization|Exacerbation of heart failure,loinc:86947-9|omop:OMOP5166003,36305514|1340348,,,,Observation,event date,4208903,Date of event,SNOMED:439771001
EDEMA,Pulmonary edema (if reason for hospitalization is worsening HF),INT,,1=not significant| 2=yes|  3=no,4,3828,7161,2,4,,loinc:LA24821-3|loinc:LA33-6| loinc:LA32-8,Not significant|Yes|No,1177306|45877994|45878245,snomed:267038008,Edema,433595,Reason for hospitalization|Exacerbation of heart failure,loinc:86947-9|omop:OMOP5166003,36305514|1340348,,,,Observation,event date,4208903,Date of event,SNOMED:439771001
TERAINF,Need for infusion therapy (if reason for hospitalization is worsening HF),INT,,1=not significant| 2=yes|  3=no,4,3828,7161,2,4,,loinc:LA24821-3|loinc:LA33-6| loinc:LA32-8,Not significant|Yes|No,1177306|45877994|45878245,snomed:416608005,Drug therapy,4216752,Infusion|Reason for hospitalization|Exacerbation of heart failure,Snomed:36576007|loinc:86947-9|omop:OMOP5166003,4269838|36305514|1340348,,,,Observation,event date,4208903,Date of event,SNOMED:439771001
TERASC,Need to intensify HF therapy (if reason for hospitalization is worsening HF),INT,,1=not significant| 2=yes|  3=no,4,3828,7161,2,4,,loinc:LA24821-3|loinc:LA33-6| loinc:LA32-8,Not significant|Yes|No,1177306|45877994|45878245,snomed:425914008,Adjustment reaction to medical therapy,4138168,Reason for hospitalization|Exacerbation of heart failure,loinc:86947-9|omop:OMOP5166003,36305514|1340348,,,,Observation,event date,4208903,Date of event,SNOMED:439771001
MIOPATIA,Myopathy evaluation (if reason for hospitalization is myopathy),INT,,1=not significant|  2=ascertained| 3=likely| 4=unlikely| 5=undefinable,,3,10986,2,5,,loinc:LA24821-3| snomed:17162000| loinc:LA15587-1| loinc:LA15588-9| loinc:LA9632-6,Not significant| Certain| Likely| Unlikely| Undefinable,1177306| 4065908 |  45879592| 45877241| 36310753,snomed:85898001,Cardiomyopathy,321319,Reason for hospitalization,loinc:86947-9,36305514,,,,Observation,event date,4208903,Date of event,SNOMED:439771001
MIOSINT,Clinical symptoms (if reason for hospitalization is myopathy),INT,,1=not significant| 2=yes|  3=no,4,3,10986,2,3,,loinc:LA24821-3|loinc:LA33-6| loinc:LA32-8,Not significant|Yes|No,1177306|45877994|45878245,loinc:46691-2 ,Symptoms [RFC],3049423,Reason for hospitalization|Cardiomyopathy of heart failure,loinc:86947-9|snomed:85898001,36305514|321319,,,,Observation,event date,4208903,Date of event,SNOMED:439771001
MIOCK,Increasing CK (if reason for hospitalization is myopathy),INT,,1=not significant| 2=yes|  3=no,4,3,10986,2,4,,loinc:LA24821-3|loinc:LA33-6| loinc:LA32-8,Not significant|Yes|No,1177306|45877994|45878245,snomed:397798009,Creatine kinase measurement,4265595,Reason for hospitalization|Cardiomyopathy of heart failure,loinc:86947-9|snomed:85898001,36305514|321319,,,,Observation,event date,4208903,Date of event,SNOMED:439771001
DESCVASC,Other cardiovascular reason description,STR,,,,207,10782,,,,,,,snomed:405617006,Cardiovascular event,4236854,Type|Other,Snomed:50849002|snomed:74964007,4176269|9177,,,,Observation,event date,4208903,Date of event,SNOMED:439771001
GASTRO_H,Gastrointestinal neoplasia (if reason for hospitalization is neoplasia),INT,,0=no| 1=yes,,10111,878,0,1,,loinc:LA32-8|loinc:LA33-6,No|Yes,45878245|45877994,snomed:1187383001,Gastrointestinal stromal tumor,37156914,Reason for hospitalization|Neoplasm,loinc:86947-9|snomed:108369006,36305514|4030314,,,,Observation,event date,4208903,Date of event,SNOMED:439771001
POLM_H,Pulmonary neoplasia (if reason for hospitalization is neoplasia),INT,,0=no| 1=yes,,10111,878,0,1,,loinc:LA32-8|loinc:LA33-6,No|Yes,45878245|45877994,snomed:363358000,Malignant tumor of lung,443388,Reason for hospitalization|Neoplasm,loinc:86947-9|snomed:108369006,36305514|4030314,,,,Observation,event date,4208903,Date of event,SNOMED:439771001
MAMM_H,Breast cancer (if reason for hospitalization is neoplasia),INT,,0=no| 1=yes,,10111,878,0,1,,loinc:LA32-8|loinc:LA33-6,No|Yes,45878245|45877994,Snomed:254837009,Malignant tumor of breast,4112853,Reason for hospitalization|Neoplasm,loinc:86947-9|snomed:108369006,36305514|4030314,,,,Observation,event date,4208903,Date of event,SNOMED:439771001
PROST_H,Prostate cancer (if reason for hospitalization is neoplasia),INT,,0=no| 1=yes,,10111,878,0,1,,loinc:LA32-8|loinc:LA33-6,No|Yes,45878245|45877994,Snomed:93974005,Primary malignant neoplasm of prostate,200962,Reason for hospitalization|Neoplasm,loinc:86947-9|snomed:108369006,36305514|4030314,,,,Observation,event date,4208903,Date of event,SNOMED:439771001
CERV_H,Brain tumor (if reason for hospitalization is neoplasia),INT,,0=no| 1=yes,,10111,878,0,1,,loinc:LA32-8|loinc:LA33-6,No|Yes,45878245|45877994,snomed:315263004,Suspected brain tumor,4202549,Reason for hospitalization|Neoplasm,loinc:86947-9|snomed:108369006,36305514|4030314,,,,Observation,event date,4208903,Date of event,SNOMED:439771001
CUT_H,Skin cancer (if reason for hospitalization is neoplasia),INT,,0=no| 1=yes,,10111,878,0,1,,loinc:LA32-8|loinc:LA33-6,No|Yes,45878245|45877994,Snomed:126488004,Neoplasm of skin,444209,Reason for hospitalization|Neoplasm,loinc:86947-9|snomed:108369006,36305514|4030314,,,,Observation,event date,4208903,Date of event,SNOMED:439771001
GEN_URIN_H,genitourinary malignancy (if reason for hospitalization is neoplasia),INT,,0=no| 1=yes,,10111,878,0,1,,loinc:LA32-8|loinc:LA33-6,No|Yes,45878245|45877994,snomed:271927003,Genitourinary test finding,4154956,Reason for hospitalization|Neoplasm,loinc:86947-9|snomed:108369006,36305514|4030314,,,,Observation,event date,4208903,Date of event,SNOMED:439771001
ALTRO_NEOP_H,Other neoplasia (if reason for hospitalization is neoplasia),INT,,0=no| 1=yes,,10111,878,0,1,,loinc:LA32-8|loinc:LA33-6,No|Yes,45878245|45877994,Snomed:363346000,Malignant neoplastic disease,443392,Reason for hospitalization|Other,loinc:86947-9|snomed:74964007,36305514|9177,,,,Observation,event date,4208903,Date of event,SNOMED:439771001
DESCNOCARD_H,NON cardiovascular reason description,STR,,,,2032,8957,,,,,,,icare:icv2000000021,non-cardiovascular ,2000000021,Etiology,snomed:134198009,4046629,,,,Observation,event date,4208903,Date of event,SNOMED:439771001
CAUSACV,Hospitalization reason Cardiovascular/non Cardiovascular,INT,,1=Cardiovascular| 2=Not cardiovascular,0,10541,448,0,2,,snomed:405617006|icare:icv2000000021,cardiovascular event|non-cardiovascular,4236854|2000000021,icare:icv2000000021,non-cardiovascular ,2000000021,Reason for hospitalization,loinc:86947-9,36305514,,,,Observation,event date,4208903,Date of event,SNOMED:439771001
DATEDEATH,Decease date,DATETIME,DD-MM-YYYY,,,1969,9020,37598,39524,,,,,snomed:399753006,Date of death,4265167,,,,,,,Observation,event date,4208903,Date of event,SNOMED:439771001
CAUSA,Death cause,INT,,2=Myocardial infarction| 3=Worsening HF| 4=Supposed arrhythmic death| 5=Following surgical cardiac procedures| 6=Stroke| 7=Pulmonary embolism| 8=Aneurysm rupture| 9=Other cardiovascular events| 10=Neoplasia| 11=Infection| 12=Accidental/Suicide/homicide| 13=Other non cardiovascular events| 14=Unknown cause| 16=Myopathy| 17=Renal failure| 18=Liver pathology,1,1969,9020,2,18,,snomed:22298006|omop:OMOP5166003|loinc:LA12738-3|snomed:52136000|loinc:LA22099-8|snomed:59282003|snomed:286959000|snomed:405617006|snomed:108369006|snomed:40733004|snomed:7878000|icare:icv2000000021|snomed:87309006|snomed:129565002|snomed:42399005|snomed:235856003,myocardial infarction|Exacerbation of heart failure|Primary arrhythmic death|Intraoperative death|Stroke|Pulmonary embolism|Peripheral arterial embolism|Cardiovascular event|Neoplasm|Infectious disease|Accidental death|non-cardiovascular|Death of unknown cause|Disorder of muscle|Renal failure syndrome|Disease of liver,4329847|1340348|45881640|4178604|36210384|440417|4117679|4236854|4030314|432250|4302017|2000000021|441413|137275|192359|194984,snomed:184305005,Cause of death,4083743,Type,snomed:410656007,4259643,,,,Death,event date,4208903,Date of event,SNOMED:439771001
MORTE,Sudden death or not (if deceased for cardiovascular reason),INT,,1=not sudden death(no)|2=sudden death(yes),,1476,9513,1,2,,loinc:LA32-8|loinc:LA33-6,No|Yes,45878245|45877994,snomed:26636000,Sudden death,4132309,,,,,,,Death,event date,4208903,Date of event,SNOMED:439771001
TIPO_MORTE,Type sudden death,INT,,1=not significant| 2=instant death| 3=not witnessed decease| 4=deceased until 28 days| 5=deceased until 60 minutes,,1944,9045,1,5,,loinc:LA24821-3|snomed:50514002|loinc:LA18023-4|icare:icv200000067|icare:icv200000068,Not significant|instantaneous death|not witnessed|Mortality within 28 days|Mortality within 60 minutes,1177306|441139|45877356|200000067|200000068,snomed:26636000,Sudden death,4132309,Type,snomed:410656007,4259643,,,,Death,event date,4208903,Date of event,SNOMED:439771001
CABG,Decease followed after CABG (if decease following surgical cardiac procedures),INT,,0=no| 1=yes,,442,10547,0,1,,loinc:LA32-8|loinc:LA33-6,No|Yes,45878245|45877994,snomed:184305005,Cause of death,4083743,Coronary artery bypass graft,snomed:232717009,4336464,,,,Death,event date,4208903,Date of event,SNOMED:439771001
TRAP,Decease followed after transplant (if decease following surgical cardiac procedures),INT,,0=no| 1=yes,,442,10547,0,1,,loinc:LA32-8|loinc:LA33-6,No|Yes,45878245|45877994,snomed:184305005,Cause of death,4083743,Transplantation of heart,Snomed:32413006,4137127,,,,Death,event date,4208903,Date of event,SNOMED:439771001
PCI,Decease followed after PCI (if decease following surgical cardiac procedures),INT,,0=no| 1=yes,,442,10547,0,0,,loinc:LA32-8|loinc:LA33-6,No|Yes,45878245|45877994,snomed:184305005,Cause of death,4083743,Percutaneous coronary intervention,Snomed:415070008,4216130,,,,Death,event date,4208903,Date of event,SNOMED:439771001
ALTRO_INT,Decease followed after other surgical procedure (if decease following surgical cardiac procedures),INT,,0=no| 1=yes,,442,10547,0,1,,loinc:LA32-8|loinc:LA33-6,No|Yes,45878245|45877994,snomed:184305005,Cause of death,4083743,Surgical procedure|other,Snomed:387713003|snomed:74964007,4301351|9177,,,,Death,event date,4208903,Date of event,SNOMED:439771001
DESCINT,Description other surgical procedure,STR,,,,8,10981,,,,,,,snomed:184305005,Cause of death,4083743,Type|Surgical procedure|other,snomed:410656007|Snomed:387713003|snomed:74964007,4259643|4301351|9177,,,,Death,event date,4208903,Date of event,SNOMED:439771001
DESCCARD,Description other cardiovascular reason (if deceased for Other cardiovascular events),STR,,,,63,10926,,,,,,,snomed:184305005,Cause of death,4083743,Type|Other,Snomed:50849002|snomed:74964007,4176269|9177,,,,Death,event date,4208903,Date of event,SNOMED:439771001
ICTUS,Stroke type,INT,,0=no stroke| 1=haemorragic| 2=ischemic,3,1953,9036,0,3,,snomed:373067005| snomed:255345002| snomed:255426005,No| haemorragic|ischemic,4188540| 4116701|4115429,snomed:230690007,Cerebrovascular accident,381316,Type,snomed:410656007,4259643,,,,Condition_occurrence,event date,4208903,Date of event,SNOMED:439771001
GASTRO,Gastrointestinal neoplasia (if decease reason neoplasia),INT,,0=no| 1=yes,,442,10547,0,1,,loinc:LA32-8|loinc:LA33-6,No|Yes,45878245|45877994,snomed:184305005,Cause of death,4083743,Gastrointestinal stromal tumor,SNOMED:1187383001,37156914,,,,Death,event date,4208903,Date of event,SNOMED:439771001
POLM,Pulmonary neoplasia (if decease reason neoplasia),INT,,0=no| 1=yes,,442,10547,0,1,,loinc:LA32-8|loinc:LA33-6,No|Yes,45878245|45877994,snomed:184305005,Cause of death,4083743,Malignant tumor of lung,snomed:363358000,443388,,,,Death,event date,4208903,Date of event,SNOMED:439771001
MAMM,Breast cancer (if decease reason neoplasia),INT,,0=no| 1=yes,,442,10547,0,1,,loinc:LA32-8|loinc:LA33-6,No|Yes,45878245|45877994,snomed:184305005,Cause of death,4083743,Breast cancer,LOINC:LA14283-8,45884515,,,,Death,event date,4208903,Date of event,SNOMED:439771001
PROST,Prostate cancer (if decease reason neoplasia),INT,,0=no| 1=yes,,442,10547,0,1,,loinc:LA32-8|loinc:LA33-6,No|Yes,45878245|45877994,snomed:184305005,Cause of death,4083743,Prostate cancer,LOINC:LA15688-7,45884513,,,,Death,event date,4208903,Date of event,SNOMED:439771001
CERV,Brain tumor (if decease reason neoplasia),INT,,0=no| 1=yes,,442,10547,0,1,,loinc:LA32-8|loinc:LA33-6,No|Yes,45878245|45877994,snomed:184305005,Cause of death,4083743,Suspected brain tumor,SNOMED:315263004,4202549,,,,Death,event date,4208903,Date of event,SNOMED:439771001
CUT,Skin cancer (if decease reason neoplasia),INT,,0=no| 1=yes,,442,10547,0,0,,loinc:LA32-8|loinc:LA33-6,No|Yes,45878245|45877994,snomed:184305005,Cause of death,4083743,Skin cancer,LOINC:LA10543-9,45883361,,,,Death,event date,4208903,Date of event,SNOMED:439771001
GEN_URIN,Genitourinary malignancy (if decease reason neoplasia),INT,,0=no| 1=yes,,442,10547,0,1,,loinc:LA32-8|loinc:LA33-6,No|Yes,45878245|45877994,snomed:184305005,Cause of death,4083743,Genitourinary test finding,SNOMED:271927003,4154956,,,,Death,event date,4208903,Date of event,SNOMED:439771001
ALTRO_NEOP,Other neoplasia (if decease reason neoplasia),INT,,0=no| 1=yes,,442,10547,0,1,,loinc:LA32-8|loinc:LA33-6,No|Yes,45878245|45877994,snomed:184305005,Cause of death,4083743,Tumor type|Other,LOINC:LP207876-6|snomed:74964007,37069845|9177,,,,Death,event date,4208903,Date of event,SNOMED:439771001
DESCNOCARD,NON cardiovascular reason description,STR,,,,94,10895,,,,,,,snomed:184305005,Cause of death,4083743,non-cardiovascular,icare:icv2000000021,2000000021,,,,Death,event date,4208903,Date of event,SNOMED:439771001
inworsehf,With worsening heart failure event,INT,,0=no| 1=yes,,10989,0,0,1,,loinc:LA32-8|loinc:LA33-6,No|Yes,45878245|45877994,loinc:LP36129-2,Event outcome,1027548,Emergency hospital admission for heart failure,snomed:416683003,4215511,,,,Observation,event date,4208903,Date of event,SNOMED:439771001
innewhosp,With re-hospitalization event,INT,,0=no| 1=yes,,10989,0,0,1,,loinc:LA32-8|loinc:LA33-6,No|Yes,45878245|45877994,loinc:LP36129-2,Event outcome,1027548,History of hospitalization,LOINC:LP72712-0,1030615,,,,Observation,event date,4208903,Date of event,SNOMED:439771001
indeath,With death event,INT,,0=no| 1=yes,,10989,0,0,1,,loinc:LA32-8|loinc:LA33-6,No|Yes,45878245|45877994,loinc:LP36129-2,Event outcome,1027548,Death,snomed:419620001,4306655,,,,Observation,event date,4208903,Date of event,SNOMED:439771001